y_true,y_pred,img_id,image_path,prob_0,prob_1,prob_2,prob_3
0,1,UC_patient_42_40_005337,/mnt/hf/thesis/rag-vqa-medical/Datasets/LIMUC/train_and_validation_sets/Mayo 1/UC_patient_42_40.bmp,0.3499,0.4094,0.1229,0.118
2,0,UC_patient_334_25_007345,/mnt/hf/thesis/rag-vqa-medical/Datasets/LIMUC/train_and_validation_sets/Mayo 1/UC_patient_334_25.bmp,0.4575,0.3154,0.1439,0.08295
0,0,UC_patient_324_49_002893,/mnt/hf/thesis/rag-vqa-medical/Datasets/LIMUC/train_and_validation_sets/Mayo 0/UC_patient_324_49.bmp,0.5576,0.331,0.06635,0.04492
0,1,UC_patient_441_4_008543,/mnt/hf/thesis/rag-vqa-medical/Datasets/LIMUC/train_and_validation_sets/Mayo 2/UC_patient_441_4.bmp,0.396,0.5264,0.04016,0.0374
1,1,UC_patient_23_93_002404,/mnt/hf/thesis/rag-vqa-medical/Datasets/LIMUC/train_and_validation_sets/Mayo 0/UC_patient_23_93.bmp,0.2583,0.425,0.1702,0.1462
0,1,UC_patient_215_78_007355,/mnt/hf/thesis/rag-vqa-medical/Datasets/LIMUC/train_and_validation_sets/Mayo 1/UC_patient_215_78.bmp,0.4238,0.4856,0.06183,0.02866
0,0,UC_patient_88_9_007766,/mnt/hf/thesis/rag-vqa-medical/Datasets/LIMUC/train_and_validation_sets/Mayo 1/UC_patient_88_9.bmp,0.896,0.10126,0.001148,0.001426
3,3,UC_patient_417_10_006217,/mnt/hf/thesis/rag-vqa-medical/Datasets/LIMUC/train_and_validation_sets/Mayo 1/UC_patient_417_10.bmp,0.2336,0.265,0.2351,0.2664
1,1,UC_patient_112_7_007912,/mnt/hf/thesis/rag-vqa-medical/Datasets/LIMUC/train_and_validation_sets/Mayo 2/UC_patient_112_7.bmp,0.4153,0.5693,0.006557,0.00864
0,1,UC_patient_453_13_008223,/mnt/hf/thesis/rag-vqa-medical/Datasets/LIMUC/train_and_validation_sets/Mayo 2/UC_patient_453_13.bmp,0.4531,0.502,0.02263,0.02238
0,0,UC_patient_239_109_002965,/mnt/hf/thesis/rag-vqa-medical/Datasets/LIMUC/train_and_validation_sets/Mayo 0/UC_patient_239_109.bmp,0.5024,0.3489,0.08563,0.0629
1,0,UC_patient_572_1_000129,/mnt/hf/thesis/rag-vqa-medical/Datasets/LIMUC/train_and_validation_sets/Mayo 0/UC_patient_572_1.bmp,0.4524,0.3677,0.09296,0.0869
0,0,UC_patient_245_12_003900,/mnt/hf/thesis/rag-vqa-medical/Datasets/LIMUC/train_and_validation_sets/Mayo 0/UC_patient_245_12.bmp,0.623,0.2117,0.087,0.0783
0,0,UC_patient_364_13_005862,/mnt/hf/thesis/rag-vqa-medical/Datasets/LIMUC/train_and_validation_sets/Mayo 1/UC_patient_364_13.bmp,0.6924,0.2673,0.02435,0.01604
0,0,UC_patient_366_12_008151,/mnt/hf/thesis/rag-vqa-medical/Datasets/LIMUC/train_and_validation_sets/Mayo 2/UC_patient_366_12.bmp,0.569,0.4053,0.01685,0.00884
1,1,UC_patient_449_18_007636,/mnt/hf/thesis/rag-vqa-medical/Datasets/LIMUC/train_and_validation_sets/Mayo 1/UC_patient_449_18.bmp,0.417,0.5205,0.02887,0.03378
2,2,UC_patient_37_52_000167,/mnt/hf/thesis/rag-vqa-medical/Datasets/LIMUC/train_and_validation_sets/Mayo 0/UC_patient_37_52.bmp,0.2467,0.274,0.2986,0.1808
3,0,UC_patient_430_12_005890,/mnt/hf/thesis/rag-vqa-medical/Datasets/LIMUC/train_and_validation_sets/Mayo 1/UC_patient_430_12.bmp,0.3064,0.2642,0.1396,0.2896
3,1,UC_patient_226_30_000481,/mnt/hf/thesis/rag-vqa-medical/Datasets/LIMUC/train_and_validation_sets/Mayo 0/UC_patient_226_30.bmp,0.2776,0.3135,0.2043,0.2045
1,1,UC_patient_43_37_002958,/mnt/hf/thesis/rag-vqa-medical/Datasets/LIMUC/train_and_validation_sets/Mayo 0/UC_patient_43_37.bmp,0.2747,0.3584,0.227,0.1399
1,1,UC_patient_77_7_005973,/mnt/hf/thesis/rag-vqa-medical/Datasets/LIMUC/train_and_validation_sets/Mayo 1/UC_patient_77_7.bmp,0.4,0.561,0.0221,0.017
1,1,UC_patient_176_22_000111,/mnt/hf/thesis/rag-vqa-medical/Datasets/LIMUC/train_and_validation_sets/Mayo 0/UC_patient_176_22.bmp,0.3809,0.523,0.0507,0.04526
0,0,UC_patient_448_53_001234,/mnt/hf/thesis/rag-vqa-medical/Datasets/LIMUC/train_and_validation_sets/Mayo 0/UC_patient_448_53.bmp,0.4822,0.3154,0.1326,0.06995
0,0,UC_patient_63_46_002445,/mnt/hf/thesis/rag-vqa-medical/Datasets/LIMUC/train_and_validation_sets/Mayo 0/UC_patient_63_46.bmp,0.4478,0.4026,0.0693,0.0803
1,0,UC_patient_189_30_003269,/mnt/hf/thesis/rag-vqa-medical/Datasets/LIMUC/train_and_validation_sets/Mayo 0/UC_patient_189_30.bmp,0.363,0.3232,0.1395,0.1742
2,2,UC_patient_115_3_009450,/mnt/hf/thesis/rag-vqa-medical/Datasets/LIMUC/train_and_validation_sets/Mayo 3/UC_patient_115_3.bmp,0.2301,0.2211,0.2874,0.2615
1,0,UC_patient_105_5_001955,/mnt/hf/thesis/rag-vqa-medical/Datasets/LIMUC/train_and_validation_sets/Mayo 0/UC_patient_105_5.bmp,0.693,0.2864,0.00832,0.012505
1,1,UC_patient_285_49_003279,/mnt/hf/thesis/rag-vqa-medical/Datasets/LIMUC/train_and_validation_sets/Mayo 0/UC_patient_285_49.bmp,0.3015,0.3074,0.2083,0.1829
0,0,UC_patient_539_31_005634,/mnt/hf/thesis/rag-vqa-medical/Datasets/LIMUC/train_and_validation_sets/Mayo 1/UC_patient_539_31.bmp,0.691,0.2493,0.02913,0.03072
0,0,UC_patient_542_7_009030,/mnt/hf/thesis/rag-vqa-medical/Datasets/LIMUC/train_and_validation_sets/Mayo 3/UC_patient_542_7.bmp,0.7773,0.2013,0.01587,0.00562
2,1,UC_patient_289_1_000961,/mnt/hf/thesis/rag-vqa-medical/Datasets/LIMUC/train_and_validation_sets/Mayo 0/UC_patient_289_1.bmp,0.2106,0.2715,0.2542,0.2637
3,1,UC_patient_517_21_005378,/mnt/hf/thesis/rag-vqa-medical/Datasets/LIMUC/train_and_validation_sets/Mayo 1/UC_patient_517_21.bmp,0.2386,0.3123,0.2372,0.2122
2,1,UC_patient_85_54_008523,/mnt/hf/thesis/rag-vqa-medical/Datasets/LIMUC/train_and_validation_sets/Mayo 2/UC_patient_85_54.bmp,0.3364,0.494,0.0911,0.07855
0,0,UC_patient_22_17_003654,/mnt/hf/thesis/rag-vqa-medical/Datasets/LIMUC/train_and_validation_sets/Mayo 0/UC_patient_22_17.bmp,0.8433,0.1477,0.005222,0.00396
0,0,UC_patient_494_29_002689,/mnt/hf/thesis/rag-vqa-medical/Datasets/LIMUC/train_and_validation_sets/Mayo 0/UC_patient_494_29.bmp,0.61,0.2864,0.05722,0.04675
0,0,UC_patient_536_17_000158,/mnt/hf/thesis/rag-vqa-medical/Datasets/LIMUC/train_and_validation_sets/Mayo 0/UC_patient_536_17.bmp,0.543,0.4253,0.0188,0.01288
1,1,UC_patient_551_20_001569,/mnt/hf/thesis/rag-vqa-medical/Datasets/LIMUC/train_and_validation_sets/Mayo 0/UC_patient_551_20.bmp,0.2354,0.742,0.01412,0.00852
2,2,UC_patient_548_56_005328,/mnt/hf/thesis/rag-vqa-medical/Datasets/LIMUC/train_and_validation_sets/Mayo 1/UC_patient_548_56.bmp,0.2732,0.2378,0.2742,0.2148
0,0,UC_patient_255_23_002042,/mnt/hf/thesis/rag-vqa-medical/Datasets/LIMUC/train_and_validation_sets/Mayo 0/UC_patient_255_23.bmp,0.868,0.1219,0.004494,0.00536
1,1,UC_patient_54_28_006090,/mnt/hf/thesis/rag-vqa-medical/Datasets/LIMUC/train_and_validation_sets/Mayo 1/UC_patient_54_28.bmp,0.4763,0.4814,0.0247,0.01758
0,0,UC_patient_63_57_000651,/mnt/hf/thesis/rag-vqa-medical/Datasets/LIMUC/train_and_validation_sets/Mayo 0/UC_patient_63_57.bmp,0.3428,0.2406,0.239,0.1776
0,0,UC_patient_120_91_002421,/mnt/hf/thesis/rag-vqa-medical/Datasets/LIMUC/train_and_validation_sets/Mayo 0/UC_patient_120_91.bmp,0.6455,0.3154,0.01185,0.02707
3,0,UC_patient_339_36_006550,/mnt/hf/thesis/rag-vqa-medical/Datasets/LIMUC/train_and_validation_sets/Mayo 1/UC_patient_339_36.bmp,0.4429,0.309,0.11743,0.1306
0,0,UC_patient_477_6_002868,/mnt/hf/thesis/rag-vqa-medical/Datasets/LIMUC/train_and_validation_sets/Mayo 0/UC_patient_477_6.bmp,0.5176,0.352,0.05423,0.0759
0,0,UC_patient_85_53_007359,/mnt/hf/thesis/rag-vqa-medical/Datasets/LIMUC/train_and_validation_sets/Mayo 1/UC_patient_85_53.bmp,0.6553,0.3296,0.00743,0.00746
0,0,UC_patient_42_11_009496,/mnt/hf/thesis/rag-vqa-medical/Datasets/LIMUC/train_and_validation_sets/Mayo 3/UC_patient_42_11.bmp,0.769,0.2195,0.005253,0.005966
3,3,UC_patient_239_105_009588,/mnt/hf/thesis/rag-vqa-medical/Datasets/LIMUC/train_and_validation_sets/Mayo 3/UC_patient_239_105.bmp,0.228,0.2047,0.2461,0.321
3,0,UC_patient_159_5_004870,/mnt/hf/thesis/rag-vqa-medical/Datasets/LIMUC/train_and_validation_sets/Mayo 0/UC_patient_159_5.bmp,0.3574,0.288,0.1512,0.2034
0,0,UC_patient_406_47_006855,/mnt/hf/thesis/rag-vqa-medical/Datasets/LIMUC/train_and_validation_sets/Mayo 1/UC_patient_406_47.bmp,0.4922,0.357,0.07465,0.07623
1,1,UC_patient_386_19_007545,/mnt/hf/thesis/rag-vqa-medical/Datasets/LIMUC/train_and_validation_sets/Mayo 1/UC_patient_386_19.bmp,0.3298,0.6206,0.02882,0.02086
1,1,UC_patient_99_43_002951,/mnt/hf/thesis/rag-vqa-medical/Datasets/LIMUC/train_and_validation_sets/Mayo 0/UC_patient_99_43.bmp,0.3586,0.4973,0.09375,0.05023
1,0,UC_patient_105_26_001969,/mnt/hf/thesis/rag-vqa-medical/Datasets/LIMUC/train_and_validation_sets/Mayo 0/UC_patient_105_26.bmp,0.496,0.398,0.0661,0.03973
2,0,UC_patient_425_25_003772,/mnt/hf/thesis/rag-vqa-medical/Datasets/LIMUC/train_and_validation_sets/Mayo 0/UC_patient_425_25.bmp,0.3018,0.2827,0.2369,0.1786
0,0,UC_patient_254_9_005848,/mnt/hf/thesis/rag-vqa-medical/Datasets/LIMUC/train_and_validation_sets/Mayo 1/UC_patient_254_9.bmp,0.788,0.1549,0.0407,0.01634
3,3,UC_patient_501_36_007058,/mnt/hf/thesis/rag-vqa-medical/Datasets/LIMUC/train_and_validation_sets/Mayo 1/UC_patient_501_36.bmp,0.1998,0.2454,0.236,0.3188
1,1,UC_patient_87_3_003879,/mnt/hf/thesis/rag-vqa-medical/Datasets/LIMUC/train_and_validation_sets/Mayo 0/UC_patient_87_3.bmp,0.368,0.5933,0.0248,0.014206
0,1,UC_patient_77_25_008144,/mnt/hf/thesis/rag-vqa-medical/Datasets/LIMUC/train_and_validation_sets/Mayo 2/UC_patient_77_25.bmp,0.4817,0.4822,0.0093,0.02681
2,1,UC_patient_88_57_000328,/mnt/hf/thesis/rag-vqa-medical/Datasets/LIMUC/train_and_validation_sets/Mayo 0/UC_patient_88_57.bmp,0.2333,0.288,0.2588,0.2197
0,0,UC_patient_475_5_005562,/mnt/hf/thesis/rag-vqa-medical/Datasets/LIMUC/train_and_validation_sets/Mayo 1/UC_patient_475_5.bmp,0.5386,0.2896,0.10077,0.0711
0,0,UC_patient_474_6_001432,/mnt/hf/thesis/rag-vqa-medical/Datasets/LIMUC/train_and_validation_sets/Mayo 0/UC_patient_474_6.bmp,0.6196,0.3396,0.01999,0.02083
1,1,UC_patient_198_7_000586,/mnt/hf/thesis/rag-vqa-medical/Datasets/LIMUC/train_and_validation_sets/Mayo 0/UC_patient_198_7.bmp,0.3882,0.404,0.0941,0.1136
0,0,UC_patient_330_12_007204,/mnt/hf/thesis/rag-vqa-medical/Datasets/LIMUC/train_and_validation_sets/Mayo 1/UC_patient_330_12.bmp,0.5024,0.3264,0.10205,0.06915
0,0,UC_patient_86_17_006250,/mnt/hf/thesis/rag-vqa-medical/Datasets/LIMUC/train_and_validation_sets/Mayo 1/UC_patient_86_17.bmp,0.542,0.379,0.03677,0.04214
1,0,UC_patient_217_6_001575,/mnt/hf/thesis/rag-vqa-medical/Datasets/LIMUC/train_and_validation_sets/Mayo 0/UC_patient_217_6.bmp,0.4722,0.459,0.0327,0.03622
2,1,UC_patient_162_51_006373,/mnt/hf/thesis/rag-vqa-medical/Datasets/LIMUC/train_and_validation_sets/Mayo 1/UC_patient_162_51.bmp,0.2336,0.3027,0.2512,0.2122
0,1,UC_patient_526_18_000921,/mnt/hf/thesis/rag-vqa-medical/Datasets/LIMUC/train_and_validation_sets/Mayo 0/UC_patient_526_18.bmp,0.2686,0.4907,0.15,0.0906
0,0,UC_patient_124_68_009555,/mnt/hf/thesis/rag-vqa-medical/Datasets/LIMUC/train_and_validation_sets/Mayo 3/UC_patient_124_68.bmp,0.7305,0.2659,0.001062,0.002563
0,1,UC_patient_347_52_006015,/mnt/hf/thesis/rag-vqa-medical/Datasets/LIMUC/train_and_validation_sets/Mayo 1/UC_patient_347_52.bmp,0.3784,0.5054,0.07733,0.0386
1,1,UC_patient_301_2_004055,/mnt/hf/thesis/rag-vqa-medical/Datasets/LIMUC/train_and_validation_sets/Mayo 0/UC_patient_301_2.bmp,0.4004,0.4644,0.08704,0.0483
3,3,UC_patient_209_20_004714,/mnt/hf/thesis/rag-vqa-medical/Datasets/LIMUC/train_and_validation_sets/Mayo 0/UC_patient_209_20.bmp,0.2014,0.2435,0.2693,0.286
1,1,UC_patient_54_43_007668,/mnt/hf/thesis/rag-vqa-medical/Datasets/LIMUC/train_and_validation_sets/Mayo 1/UC_patient_54_43.bmp,0.4307,0.4902,0.0471,0.03183
0,0,UC_patient_447_6_006076,/mnt/hf/thesis/rag-vqa-medical/Datasets/LIMUC/train_and_validation_sets/Mayo 1/UC_patient_447_6.bmp,0.5503,0.2642,0.07947,0.1063
0,0,UC_patient_398_5_006948,/mnt/hf/thesis/rag-vqa-medical/Datasets/LIMUC/train_and_validation_sets/Mayo 1/UC_patient_398_5.bmp,0.5137,0.4036,0.04044,0.04248
1,1,UC_patient_414_29_002955,/mnt/hf/thesis/rag-vqa-medical/Datasets/LIMUC/train_and_validation_sets/Mayo 0/UC_patient_414_29.bmp,0.4287,0.4575,0.0732,0.0406
2,0,UC_patient_349_42_002422,/mnt/hf/thesis/rag-vqa-medical/Datasets/LIMUC/train_and_validation_sets/Mayo 0/UC_patient_349_42.bmp,0.2793,0.2786,0.2289,0.2131
0,0,UC_patient_359_1_006404,/mnt/hf/thesis/rag-vqa-medical/Datasets/LIMUC/train_and_validation_sets/Mayo 1/UC_patient_359_1.bmp,0.5776,0.3782,0.01794,0.02594
0,0,UC_patient_138_7_008591,/mnt/hf/thesis/rag-vqa-medical/Datasets/LIMUC/train_and_validation_sets/Mayo 2/UC_patient_138_7.bmp,0.759,0.1802,0.03812,0.02312
0,0,UC_patient_425_68_001696,/mnt/hf/thesis/rag-vqa-medical/Datasets/LIMUC/train_and_validation_sets/Mayo 0/UC_patient_425_68.bmp,0.9136,0.0719,0.005497,0.00892
1,0,UC_patient_452_36_003145,/mnt/hf/thesis/rag-vqa-medical/Datasets/LIMUC/train_and_validation_sets/Mayo 0/UC_patient_452_36.bmp,0.545,0.4062,0.02321,0.02568
2,3,UC_patient_481_31_003487,/mnt/hf/thesis/rag-vqa-medical/Datasets/LIMUC/train_and_validation_sets/Mayo 0/UC_patient_481_31.bmp,0.2401,0.2462,0.2515,0.2622
1,1,UC_patient_211_23_009078,/mnt/hf/thesis/rag-vqa-medical/Datasets/LIMUC/train_and_validation_sets/Mayo 3/UC_patient_211_23.bmp,0.3315,0.487,0.10236,0.07904
0,1,UC_patient_372_38_004245,/mnt/hf/thesis/rag-vqa-medical/Datasets/LIMUC/train_and_validation_sets/Mayo 0/UC_patient_372_38.bmp,0.4739,0.5156,0.003479,0.007153
0,1,UC_patient_465_15_007302,/mnt/hf/thesis/rag-vqa-medical/Datasets/LIMUC/train_and_validation_sets/Mayo 1/UC_patient_465_15.bmp,0.4448,0.494,0.0437,0.01773
0,0,UC_patient_71_9_005205,/mnt/hf/thesis/rag-vqa-medical/Datasets/LIMUC/train_and_validation_sets/Mayo 1/UC_patient_71_9.bmp,0.535,0.3962,0.03415,0.03424
1,1,UC_patient_465_13_003609,/mnt/hf/thesis/rag-vqa-medical/Datasets/LIMUC/train_and_validation_sets/Mayo 0/UC_patient_465_13.bmp,0.3308,0.5557,0.0642,0.0494
0,0,UC_patient_441_15_007709,/mnt/hf/thesis/rag-vqa-medical/Datasets/LIMUC/train_and_validation_sets/Mayo 1/UC_patient_441_15.bmp,0.7456,0.2505,0.001423,0.002481
0,1,UC_patient_463_16_008498,/mnt/hf/thesis/rag-vqa-medical/Datasets/LIMUC/train_and_validation_sets/Mayo 2/UC_patient_463_16.bmp,0.474,0.4998,0.01633,0.00984
0,0,UC_patient_463_4_008740,/mnt/hf/thesis/rag-vqa-medical/Datasets/LIMUC/train_and_validation_sets/Mayo 2/UC_patient_463_4.bmp,0.7144,0.2817,0.001686,0.002165
0,0,UC_patient_264_62_007812,/mnt/hf/thesis/rag-vqa-medical/Datasets/LIMUC/train_and_validation_sets/Mayo 2/UC_patient_264_62.bmp,0.7354,0.2145,0.03036,0.01965
2,2,UC_patient_17_7_005526,/mnt/hf/thesis/rag-vqa-medical/Datasets/LIMUC/train_and_validation_sets/Mayo 1/UC_patient_17_7.bmp,0.2101,0.243,0.2908,0.2563
0,0,UC_patient_261_44_008572,/mnt/hf/thesis/rag-vqa-medical/Datasets/LIMUC/train_and_validation_sets/Mayo 2/UC_patient_261_44.bmp,0.609,0.3518,0.02664,0.012726
2,1,UC_patient_137_12_007392,/mnt/hf/thesis/rag-vqa-medical/Datasets/LIMUC/train_and_validation_sets/Mayo 1/UC_patient_137_12.bmp,0.2964,0.3447,0.2257,0.1332
0,0,UC_patient_27_12_005793,/mnt/hf/thesis/rag-vqa-medical/Datasets/LIMUC/train_and_validation_sets/Mayo 1/UC_patient_27_12.bmp,0.641,0.244,0.07947,0.0351
0,0,UC_patient_420_1_009313,/mnt/hf/thesis/rag-vqa-medical/Datasets/LIMUC/train_and_validation_sets/Mayo 3/UC_patient_420_1.bmp,0.53,0.364,0.0682,0.03824
3,3,UC_patient_499_15_009261,/mnt/hf/thesis/rag-vqa-medical/Datasets/LIMUC/train_and_validation_sets/Mayo 3/UC_patient_499_15.bmp,0.2467,0.2715,0.206,0.2756
0,0,UC_patient_189_11_000386,/mnt/hf/thesis/rag-vqa-medical/Datasets/LIMUC/train_and_validation_sets/Mayo 0/UC_patient_189_11.bmp,0.721,0.2137,0.03099,0.034
1,1,UC_patient_173_8_009573,/mnt/hf/thesis/rag-vqa-medical/Datasets/LIMUC/train_and_validation_sets/Mayo 3/UC_patient_173_8.bmp,0.3132,0.4463,0.1318,0.1086
1,1,UC_patient_248_16_001256,/mnt/hf/thesis/rag-vqa-medical/Datasets/LIMUC/train_and_validation_sets/Mayo 0/UC_patient_248_16.bmp,0.2937,0.695,0.006554,0.00483
2,2,UC_patient_385_24_009326,/mnt/hf/thesis/rag-vqa-medical/Datasets/LIMUC/train_and_validation_sets/Mayo 3/UC_patient_385_24.bmp,0.255,0.269,0.2815,0.1947
1,0,UC_patient_568_6_003345,/mnt/hf/thesis/rag-vqa-medical/Datasets/LIMUC/train_and_validation_sets/Mayo 0/UC_patient_568_6.bmp,0.54,0.385,0.04306,0.03174
0,1,UC_patient_53_7_002943,/mnt/hf/thesis/rag-vqa-medical/Datasets/LIMUC/train_and_validation_sets/Mayo 0/UC_patient_53_7.bmp,0.4062,0.459,0.08856,0.0462
0,0,UC_patient_37_55_006859,/mnt/hf/thesis/rag-vqa-medical/Datasets/LIMUC/train_and_validation_sets/Mayo 1/UC_patient_37_55.bmp,0.6826,0.2834,0.02173,0.01249
0,0,UC_patient_259_10_004363,/mnt/hf/thesis/rag-vqa-medical/Datasets/LIMUC/train_and_validation_sets/Mayo 0/UC_patient_259_10.bmp,0.5654,0.3933,0.01662,0.0247
1,1,UC_patient_189_16_004018,/mnt/hf/thesis/rag-vqa-medical/Datasets/LIMUC/train_and_validation_sets/Mayo 0/UC_patient_189_16.bmp,0.403,0.4863,0.0474,0.0633
1,1,UC_patient_79_15_002929,/mnt/hf/thesis/rag-vqa-medical/Datasets/LIMUC/train_and_validation_sets/Mayo 0/UC_patient_79_15.bmp,0.221,0.5483,0.10065,0.1299
0,0,UC_patient_94_7_001813,/mnt/hf/thesis/rag-vqa-medical/Datasets/LIMUC/train_and_validation_sets/Mayo 0/UC_patient_94_7.bmp,0.8354,0.1499,0.00525,0.00923
0,0,UC_patient_7_1_009269,/mnt/hf/thesis/rag-vqa-medical/Datasets/LIMUC/train_and_validation_sets/Mayo 3/UC_patient_7_1.bmp,0.537,0.395,0.0449,0.023
0,0,UC_patient_561_31_003905,/mnt/hf/thesis/rag-vqa-medical/Datasets/LIMUC/train_and_validation_sets/Mayo 0/UC_patient_561_31.bmp,0.578,0.3843,0.02333,0.01446
0,0,UC_patient_143_25_005075,/mnt/hf/thesis/rag-vqa-medical/Datasets/LIMUC/train_and_validation_sets/Mayo 0/UC_patient_143_25.bmp,0.6343,0.341,0.01698,0.007713
0,0,UC_patient_486_14_002434,/mnt/hf/thesis/rag-vqa-medical/Datasets/LIMUC/train_and_validation_sets/Mayo 0/UC_patient_486_14.bmp,0.6978,0.2412,0.03326,0.0278
3,3,UC_patient_516_41_009498,/mnt/hf/thesis/rag-vqa-medical/Datasets/LIMUC/train_and_validation_sets/Mayo 3/UC_patient_516_41.bmp,0.2069,0.2637,0.2224,0.307
0,0,UC_patient_344_19_002677,/mnt/hf/thesis/rag-vqa-medical/Datasets/LIMUC/train_and_validation_sets/Mayo 0/UC_patient_344_19.bmp,0.666,0.309,0.010315,0.014626
1,1,UC_patient_101_15_000577,/mnt/hf/thesis/rag-vqa-medical/Datasets/LIMUC/train_and_validation_sets/Mayo 0/UC_patient_101_15.bmp,0.2832,0.398,0.1098,0.209
1,1,UC_patient_354_24_009268,/mnt/hf/thesis/rag-vqa-medical/Datasets/LIMUC/train_and_validation_sets/Mayo 3/UC_patient_354_24.bmp,0.2896,0.5137,0.1208,0.0759
0,0,UC_patient_339_30_003352,/mnt/hf/thesis/rag-vqa-medical/Datasets/LIMUC/train_and_validation_sets/Mayo 0/UC_patient_339_30.bmp,0.522,0.4443,0.01657,0.01729
1,1,UC_patient_245_9_004329,/mnt/hf/thesis/rag-vqa-medical/Datasets/LIMUC/train_and_validation_sets/Mayo 0/UC_patient_245_9.bmp,0.25,0.4102,0.1392,0.2006
0,1,UC_patient_280_9_001654,/mnt/hf/thesis/rag-vqa-medical/Datasets/LIMUC/train_and_validation_sets/Mayo 0/UC_patient_280_9.bmp,0.4539,0.505,0.02496,0.01634
3,3,UC_patient_92_2_009213,/mnt/hf/thesis/rag-vqa-medical/Datasets/LIMUC/train_and_validation_sets/Mayo 3/UC_patient_92_2.bmp,0.2461,0.2316,0.1987,0.3237
0,0,UC_patient_473_1_005130,/mnt/hf/thesis/rag-vqa-medical/Datasets/LIMUC/train_and_validation_sets/Mayo 0/UC_patient_473_1.bmp,0.723,0.2505,0.00977,0.01657
1,0,UC_patient_171_21_001053,/mnt/hf/thesis/rag-vqa-medical/Datasets/LIMUC/train_and_validation_sets/Mayo 0/UC_patient_171_21.bmp,0.564,0.3828,0.02315,0.03015
1,1,UC_patient_516_18_008940,/mnt/hf/thesis/rag-vqa-medical/Datasets/LIMUC/train_and_validation_sets/Mayo 3/UC_patient_516_18.bmp,0.409,0.5576,0.01677,0.01643
0,0,UC_patient_22_83_001249,/mnt/hf/thesis/rag-vqa-medical/Datasets/LIMUC/train_and_validation_sets/Mayo 0/UC_patient_22_83.bmp,0.6963,0.2603,0.03094,0.01265
1,0,UC_patient_539_23_006711,/mnt/hf/thesis/rag-vqa-medical/Datasets/LIMUC/train_and_validation_sets/Mayo 1/UC_patient_539_23.bmp,0.3215,0.2783,0.1996,0.2007
1,1,UC_patient_526_66_009460,/mnt/hf/thesis/rag-vqa-medical/Datasets/LIMUC/train_and_validation_sets/Mayo 3/UC_patient_526_66.bmp,0.349,0.4905,0.0762,0.08435
1,1,UC_patient_19_25_005211,/mnt/hf/thesis/rag-vqa-medical/Datasets/LIMUC/train_and_validation_sets/Mayo 1/UC_patient_19_25.bmp,0.3323,0.572,0.0434,0.05228
3,3,UC_patient_211_26_002030,/mnt/hf/thesis/rag-vqa-medical/Datasets/LIMUC/train_and_validation_sets/Mayo 0/UC_patient_211_26.bmp,0.1937,0.259,0.252,0.2954
1,1,UC_patient_464_10_008042,/mnt/hf/thesis/rag-vqa-medical/Datasets/LIMUC/train_and_validation_sets/Mayo 2/UC_patient_464_10.bmp,0.2935,0.6655,0.02437,0.01633
0,0,UC_patient_531_3_008604,/mnt/hf/thesis/rag-vqa-medical/Datasets/LIMUC/train_and_validation_sets/Mayo 2/UC_patient_531_3.bmp,0.702,0.2766,0.00856,0.01248
1,1,UC_patient_538_22_005503,/mnt/hf/thesis/rag-vqa-medical/Datasets/LIMUC/train_and_validation_sets/Mayo 1/UC_patient_538_22.bmp,0.298,0.593,0.06116,0.04816
1,1,UC_patient_37_39_001769,/mnt/hf/thesis/rag-vqa-medical/Datasets/LIMUC/train_and_validation_sets/Mayo 0/UC_patient_37_39.bmp,0.3765,0.443,0.08356,0.09674
0,0,UC_patient_43_50_004364,/mnt/hf/thesis/rag-vqa-medical/Datasets/LIMUC/train_and_validation_sets/Mayo 0/UC_patient_43_50.bmp,0.605,0.3005,0.049,0.0457
0,0,UC_patient_415_12_008733,/mnt/hf/thesis/rag-vqa-medical/Datasets/LIMUC/train_and_validation_sets/Mayo 2/UC_patient_415_12.bmp,0.658,0.3003,0.02368,0.01761
0,1,UC_patient_476_7_006949,/mnt/hf/thesis/rag-vqa-medical/Datasets/LIMUC/train_and_validation_sets/Mayo 1/UC_patient_476_7.bmp,0.3418,0.3542,0.138,0.1661
0,0,UC_patient_292_6_007160,/mnt/hf/thesis/rag-vqa-medical/Datasets/LIMUC/train_and_validation_sets/Mayo 1/UC_patient_292_6.bmp,0.6025,0.3557,0.02289,0.01895
0,0,UC_patient_386_38_007201,/mnt/hf/thesis/rag-vqa-medical/Datasets/LIMUC/train_and_validation_sets/Mayo 1/UC_patient_386_38.bmp,0.635,0.3594,0.002035,0.003855
0,0,UC_patient_339_47_006966,/mnt/hf/thesis/rag-vqa-medical/Datasets/LIMUC/train_and_validation_sets/Mayo 1/UC_patient_339_47.bmp,0.6343,0.2915,0.04846,0.02585
1,1,UC_patient_97_9_009152,/mnt/hf/thesis/rag-vqa-medical/Datasets/LIMUC/train_and_validation_sets/Mayo 3/UC_patient_97_9.bmp,0.2168,0.2878,0.2385,0.2568
1,1,UC_patient_129_68_000711,/mnt/hf/thesis/rag-vqa-medical/Datasets/LIMUC/train_and_validation_sets/Mayo 0/UC_patient_129_68.bmp,0.363,0.5576,0.03513,0.0442
0,0,UC_patient_151_30_001193,/mnt/hf/thesis/rag-vqa-medical/Datasets/LIMUC/train_and_validation_sets/Mayo 0/UC_patient_151_30.bmp,0.666,0.299,0.02228,0.012794
2,1,UC_patient_554_9_003724,/mnt/hf/thesis/rag-vqa-medical/Datasets/LIMUC/train_and_validation_sets/Mayo 0/UC_patient_554_9.bmp,0.2045,0.3025,0.2437,0.2494
0,0,UC_patient_42_17_007037,/mnt/hf/thesis/rag-vqa-medical/Datasets/LIMUC/train_and_validation_sets/Mayo 1/UC_patient_42_17.bmp,0.7236,0.2255,0.02654,0.02444
0,0,UC_patient_291_16_007403,/mnt/hf/thesis/rag-vqa-medical/Datasets/LIMUC/train_and_validation_sets/Mayo 1/UC_patient_291_16.bmp,0.577,0.3909,0.01336,0.0189
3,3,UC_patient_477_13_008315,/mnt/hf/thesis/rag-vqa-medical/Datasets/LIMUC/train_and_validation_sets/Mayo 2/UC_patient_477_13.bmp,0.2076,0.2588,0.2323,0.3013
1,1,UC_patient_407_14_002490,/mnt/hf/thesis/rag-vqa-medical/Datasets/LIMUC/train_and_validation_sets/Mayo 0/UC_patient_407_14.bmp,0.2537,0.7305,0.007065,0.00854
3,0,UC_patient_88_36_000311,/mnt/hf/thesis/rag-vqa-medical/Datasets/LIMUC/train_and_validation_sets/Mayo 0/UC_patient_88_36.bmp,0.399,0.268,0.11523,0.2178
1,1,UC_patient_136_40_007751,/mnt/hf/thesis/rag-vqa-medical/Datasets/LIMUC/train_and_validation_sets/Mayo 1/UC_patient_136_40.bmp,0.2578,0.303,0.2485,0.1906
0,0,UC_patient_94_6_001153,/mnt/hf/thesis/rag-vqa-medical/Datasets/LIMUC/train_and_validation_sets/Mayo 0/UC_patient_94_6.bmp,0.747,0.1442,0.04425,0.0647
0,0,UC_patient_49_42_003070,/mnt/hf/thesis/rag-vqa-medical/Datasets/LIMUC/train_and_validation_sets/Mayo 0/UC_patient_49_42.bmp,0.579,0.2935,0.0889,0.03857
0,0,UC_patient_146_9_005236,/mnt/hf/thesis/rag-vqa-medical/Datasets/LIMUC/train_and_validation_sets/Mayo 1/UC_patient_146_9.bmp,0.6943,0.3032,0.001525,0.0009017
3,1,UC_patient_43_39_002148,/mnt/hf/thesis/rag-vqa-medical/Datasets/LIMUC/train_and_validation_sets/Mayo 0/UC_patient_43_39.bmp,0.2307,0.2598,0.252,0.2576
3,1,UC_patient_49_44_001280,/mnt/hf/thesis/rag-vqa-medical/Datasets/LIMUC/train_and_validation_sets/Mayo 0/UC_patient_49_44.bmp,0.3167,0.3784,0.1285,0.1764
0,1,UC_patient_223_62_007665,/mnt/hf/thesis/rag-vqa-medical/Datasets/LIMUC/train_and_validation_sets/Mayo 1/UC_patient_223_62.bmp,0.3748,0.398,0.1183,0.10895
1,1,UC_patient_71_5_009106,/mnt/hf/thesis/rag-vqa-medical/Datasets/LIMUC/train_and_validation_sets/Mayo 3/UC_patient_71_5.bmp,0.3926,0.539,0.03845,0.02983
1,1,UC_patient_504_39_006542,/mnt/hf/thesis/rag-vqa-medical/Datasets/LIMUC/train_and_validation_sets/Mayo 1/UC_patient_504_39.bmp,0.2563,0.4211,0.1941,0.1285
0,0,UC_patient_174_6_008590,/mnt/hf/thesis/rag-vqa-medical/Datasets/LIMUC/train_and_validation_sets/Mayo 2/UC_patient_174_6.bmp,0.8364,0.1204,0.02042,0.02254
1,1,UC_patient_486_39_000704,/mnt/hf/thesis/rag-vqa-medical/Datasets/LIMUC/train_and_validation_sets/Mayo 0/UC_patient_486_39.bmp,0.2854,0.637,0.03717,0.04016
0,1,UC_patient_85_29_001376,/mnt/hf/thesis/rag-vqa-medical/Datasets/LIMUC/train_and_validation_sets/Mayo 0/UC_patient_85_29.bmp,0.39,0.431,0.10016,0.07886
0,0,UC_patient_309_15_006936,/mnt/hf/thesis/rag-vqa-medical/Datasets/LIMUC/train_and_validation_sets/Mayo 1/UC_patient_309_15.bmp,0.48,0.375,0.08795,0.05698
3,3,UC_patient_197_14_001204,/mnt/hf/thesis/rag-vqa-medical/Datasets/LIMUC/train_and_validation_sets/Mayo 0/UC_patient_197_14.bmp,0.2233,0.2219,0.2578,0.2969
0,0,UC_patient_337_9_009339,/mnt/hf/thesis/rag-vqa-medical/Datasets/LIMUC/train_and_validation_sets/Mayo 3/UC_patient_337_9.bmp,0.4849,0.3904,0.0778,0.04694
1,1,UC_patient_501_69_004533,/mnt/hf/thesis/rag-vqa-medical/Datasets/LIMUC/train_and_validation_sets/Mayo 0/UC_patient_501_69.bmp,0.2046,0.7856,0.004074,0.00579
0,1,UC_patient_43_33_007330,/mnt/hf/thesis/rag-vqa-medical/Datasets/LIMUC/train_and_validation_sets/Mayo 1/UC_patient_43_33.bmp,0.2837,0.6846,0.0096,0.02214
2,2,UC_patient_129_25_001184,/mnt/hf/thesis/rag-vqa-medical/Datasets/LIMUC/train_and_validation_sets/Mayo 0/UC_patient_129_25.bmp,0.2476,0.2157,0.2866,0.25
1,1,UC_patient_557_55_000522,/mnt/hf/thesis/rag-vqa-medical/Datasets/LIMUC/train_and_validation_sets/Mayo 0/UC_patient_557_55.bmp,0.384,0.5854,0.00851,0.02196
1,1,UC_patient_386_57_004996,/mnt/hf/thesis/rag-vqa-medical/Datasets/LIMUC/train_and_validation_sets/Mayo 0/UC_patient_386_57.bmp,0.3928,0.5576,0.02992,0.01976
0,1,UC_patient_368_1_007331,/mnt/hf/thesis/rag-vqa-medical/Datasets/LIMUC/train_and_validation_sets/Mayo 1/UC_patient_368_1.bmp,0.4043,0.505,0.0554,0.0353
0,0,UC_patient_514_39_002816,/mnt/hf/thesis/rag-vqa-medical/Datasets/LIMUC/train_and_validation_sets/Mayo 0/UC_patient_514_39.bmp,0.5815,0.283,0.04974,0.08575
0,0,UC_patient_318_28_002052,/mnt/hf/thesis/rag-vqa-medical/Datasets/LIMUC/train_and_validation_sets/Mayo 0/UC_patient_318_28.bmp,0.704,0.261,0.02321,0.01172
1,1,UC_patient_570_19_005693,/mnt/hf/thesis/rag-vqa-medical/Datasets/LIMUC/train_and_validation_sets/Mayo 1/UC_patient_570_19.bmp,0.4834,0.5137,0.001171,0.0017
0,0,UC_patient_435_28_005498,/mnt/hf/thesis/rag-vqa-medical/Datasets/LIMUC/train_and_validation_sets/Mayo 1/UC_patient_435_28.bmp,0.636,0.3574,0.003553,0.003004
1,0,UC_patient_272_39_003530,/mnt/hf/thesis/rag-vqa-medical/Datasets/LIMUC/train_and_validation_sets/Mayo 0/UC_patient_272_39.bmp,0.7007,0.2496,0.0273,0.02246
0,0,UC_patient_162_13_000877,/mnt/hf/thesis/rag-vqa-medical/Datasets/LIMUC/train_and_validation_sets/Mayo 0/UC_patient_162_13.bmp,0.5293,0.3674,0.0459,0.05722
0,0,UC_patient_336_16_003384,/mnt/hf/thesis/rag-vqa-medical/Datasets/LIMUC/train_and_validation_sets/Mayo 0/UC_patient_336_16.bmp,0.8086,0.1564,0.01065,0.0243
1,1,UC_patient_557_37_003499,/mnt/hf/thesis/rag-vqa-medical/Datasets/LIMUC/train_and_validation_sets/Mayo 0/UC_patient_557_37.bmp,0.379,0.575,0.02003,0.02582
0,1,UC_patient_261_13_005734,/mnt/hf/thesis/rag-vqa-medical/Datasets/LIMUC/train_and_validation_sets/Mayo 1/UC_patient_261_13.bmp,0.4192,0.4194,0.0831,0.07825
3,1,UC_patient_189_5_002895,/mnt/hf/thesis/rag-vqa-medical/Datasets/LIMUC/train_and_validation_sets/Mayo 0/UC_patient_189_5.bmp,0.2603,0.2896,0.2035,0.2467
2,1,UC_patient_553_21_001950,/mnt/hf/thesis/rag-vqa-medical/Datasets/LIMUC/train_and_validation_sets/Mayo 0/UC_patient_553_21.bmp,0.236,0.283,0.2576,0.2233
0,0,UC_patient_226_45_000544,/mnt/hf/thesis/rag-vqa-medical/Datasets/LIMUC/train_and_validation_sets/Mayo 0/UC_patient_226_45.bmp,0.3154,0.3118,0.1666,0.2064
1,1,UC_patient_542_4_009295,/mnt/hf/thesis/rag-vqa-medical/Datasets/LIMUC/train_and_validation_sets/Mayo 3/UC_patient_542_4.bmp,0.2319,0.326,0.209,0.2333
0,1,UC_patient_420_14_006649,/mnt/hf/thesis/rag-vqa-medical/Datasets/LIMUC/train_and_validation_sets/Mayo 1/UC_patient_420_14.bmp,0.304,0.3667,0.1471,0.182
0,0,UC_patient_385_29_002465,/mnt/hf/thesis/rag-vqa-medical/Datasets/LIMUC/train_and_validation_sets/Mayo 0/UC_patient_385_29.bmp,0.5786,0.333,0.0487,0.03983
1,1,UC_patient_306_2_003126,/mnt/hf/thesis/rag-vqa-medical/Datasets/LIMUC/train_and_validation_sets/Mayo 0/UC_patient_306_2.bmp,0.2424,0.2705,0.2407,0.2462
1,1,UC_patient_216_32_003593,/mnt/hf/thesis/rag-vqa-medical/Datasets/LIMUC/train_and_validation_sets/Mayo 0/UC_patient_216_32.bmp,0.2335,0.275,0.2405,0.2512
0,0,UC_patient_277_10_005876,/mnt/hf/thesis/rag-vqa-medical/Datasets/LIMUC/train_and_validation_sets/Mayo 1/UC_patient_277_10.bmp,0.689,0.2964,0.00785,0.006702
0,0,UC_patient_151_54_000029,/mnt/hf/thesis/rag-vqa-medical/Datasets/LIMUC/train_and_validation_sets/Mayo 0/UC_patient_151_54.bmp,0.446,0.4438,0.0628,0.0471
1,1,UC_patient_538_37_002877,/mnt/hf/thesis/rag-vqa-medical/Datasets/LIMUC/train_and_validation_sets/Mayo 0/UC_patient_538_37.bmp,0.2725,0.694,0.01247,0.02098
0,0,UC_patient_189_22_000799,/mnt/hf/thesis/rag-vqa-medical/Datasets/LIMUC/train_and_validation_sets/Mayo 0/UC_patient_189_22.bmp,0.654,0.3345,0.004,0.00767
0,0,UC_patient_394_16_001182,/mnt/hf/thesis/rag-vqa-medical/Datasets/LIMUC/train_and_validation_sets/Mayo 0/UC_patient_394_16.bmp,0.7437,0.2126,0.0234,0.02017
0,0,UC_patient_342_14_004477,/mnt/hf/thesis/rag-vqa-medical/Datasets/LIMUC/train_and_validation_sets/Mayo 0/UC_patient_342_14.bmp,0.778,0.1932,0.01313,0.01562
0,0,UC_patient_151_31_001590,/mnt/hf/thesis/rag-vqa-medical/Datasets/LIMUC/train_and_validation_sets/Mayo 0/UC_patient_151_31.bmp,0.5444,0.3657,0.04327,0.0463
1,1,UC_patient_106_18_008552,/mnt/hf/thesis/rag-vqa-medical/Datasets/LIMUC/train_and_validation_sets/Mayo 2/UC_patient_106_18.bmp,0.331,0.4866,0.07587,0.1063
1,1,UC_patient_560_22_005998,/mnt/hf/thesis/rag-vqa-medical/Datasets/LIMUC/train_and_validation_sets/Mayo 1/UC_patient_560_22.bmp,0.3804,0.522,0.04044,0.05707
0,0,UC_patient_486_93_000901,/mnt/hf/thesis/rag-vqa-medical/Datasets/LIMUC/train_and_validation_sets/Mayo 0/UC_patient_486_93.bmp,0.5234,0.2795,0.07043,0.1265
0,1,UC_patient_572_36_004487,/mnt/hf/thesis/rag-vqa-medical/Datasets/LIMUC/train_and_validation_sets/Mayo 0/UC_patient_572_36.bmp,0.2761,0.337,0.2169,0.17
0,0,UC_patient_388_43_007198,/mnt/hf/thesis/rag-vqa-medical/Datasets/LIMUC/train_and_validation_sets/Mayo 1/UC_patient_388_43.bmp,0.572,0.2803,0.0697,0.0782
0,1,UC_patient_270_15_007150,/mnt/hf/thesis/rag-vqa-medical/Datasets/LIMUC/train_and_validation_sets/Mayo 1/UC_patient_270_15.bmp,0.4304,0.4602,0.0574,0.0522
3,3,UC_patient_418_14_000676,/mnt/hf/thesis/rag-vqa-medical/Datasets/LIMUC/train_and_validation_sets/Mayo 0/UC_patient_418_14.bmp,0.263,0.2124,0.2107,0.314
