split,img_id,image_path,question,answer,question_type,answer_type,orig_height,orig_width,pred_blip
validation,cla820gl1s3pv071u6kb331te,out/images/raw/cla820gl1s3pv071u6kb331te.jpg,Where in the image is the instrument?,none,,,576,720,no
validation,cla820gl1s3pv071u6kb331te,out/images/raw/cla820gl1s3pv071u6kb331te.jpg,Is this finding easy to detect?,yes,,,576,720,yes
validation,cla820gl1s3pv071u6kb331te,out/images/raw/cla820gl1s3pv071u6kb331te.jpg,Where in the image is the anatomical landmark?,none,,,576,720,plastic
validation,cla820gl1s3pv071u6kb331te,out/images/raw/cla820gl1s3pv071u6kb331te.jpg,Where in the image is the abnormality?,center; center-left; center-right; lower-center; lower-right; upper-center; upper-left; upper-right,,,576,720,no
validation,cla820gl1s3pv071u6kb331te,out/images/raw/cla820gl1s3pv071u6kb331te.jpg,What is the size of the polyp?,none,,,576,720,1
validation,cla820gl1s3pv071u6kb331te,out/images/raw/cla820gl1s3pv071u6kb331te.jpg,How many findings are present?,1,,,576,720,yes
validation,cla820gl1s3pv071u6kb331te,out/images/raw/cla820gl1s3pv071u6kb331te.jpg,How many polyps are in the image?,0,,,576,720,eye
validation,cla820gl1s3pv071u6kb331te,out/images/raw/cla820gl1s3pv071u6kb331te.jpg,Is there text?,no,,,576,720,1
validation,cla820gl1s3pv071u6kb331te,out/images/raw/cla820gl1s3pv071u6kb331te.jpg,What color is the abnormality? If more than one separate with ;,pink; red,,,576,720,yes
validation,cla820gl1s3pv071u6kb331te,out/images/raw/cla820gl1s3pv071u6kb331te.jpg,Are there any abnormalities in the image? Check all that are present.,ulcerative colitis,,,576,720,no
validation,cla820gl1s3pv071u6kb331te,out/images/raw/cla820gl1s3pv071u6kb331te.jpg,What type of polyp is present?,none,,,576,720,yes
validation,cla820gl1s3pv071u6kb331te,out/images/raw/cla820gl1s3pv071u6kb331te.jpg,Are there any anatomical landmarks in the image? Check all that are present.,none,,,576,720,eye surgery
validation,cla820gl1s3pv071u6kb331te,out/images/raw/cla820gl1s3pv071u6kb331te.jpg,Are there any instruments in the image? Check all that are present.,none,,,576,720,upper left
validation,cla820gl1s3pv071u6kb331te,out/images/raw/cla820gl1s3pv071u6kb331te.jpg,What type of procedure is the image taken from?,colonoscopy,,,576,720,yes
validation,cla820gl1s3pv071u6kb331te,out/images/raw/cla820gl1s3pv071u6kb331te.jpg,How many instrumnets are in the image?,0,,,576,720,bottom
validation,cla820gl1s3pv071u6kb331te,out/images/raw/cla820gl1s3pv071u6kb331te.jpg,Have all polyps been removed?,not relevant,,,576,720,yes
validation,cla820gl1s3pv071u6kb331te,out/images/raw/cla820gl1s3pv071u6kb331te.jpg,Is there a green/black box artefact?,yes,,,576,720,1
validation,cla820gl2s3rn071u23tn2cc2,out/images/raw/cla820gl2s3rn071u23tn2cc2.jpg,How many polyps are in the image?,0,,,576,720,no
validation,cla820gl2s3rn071u23tn2cc2,out/images/raw/cla820gl2s3rn071u23tn2cc2.jpg,Is this finding easy to detect?,yes,,,576,720,1
validation,cla820gl2s3rn071u23tn2cc2,out/images/raw/cla820gl2s3rn071u23tn2cc2.jpg,Are there any abnormalities in the image? Check all that are present.,ulcerative colitis,,,576,720,yes
validation,cla820gl2s3rn071u23tn2cc2,out/images/raw/cla820gl2s3rn071u23tn2cc2.jpg,Are there any instruments in the image? Check all that are present.,none,,,576,720,bottom
validation,cla820gl2s3rn071u23tn2cc2,out/images/raw/cla820gl2s3rn071u23tn2cc2.jpg,Is there a green/black box artefact?,no,,,576,720,yes
validation,cla820gl2s3rn071u23tn2cc2,out/images/raw/cla820gl2s3rn071u23tn2cc2.jpg,Have all polyps been removed?,not relevant,,,576,720,no
validation,cla820gl2s3rn071u23tn2cc2,out/images/raw/cla820gl2s3rn071u23tn2cc2.jpg,What is the size of the polyp?,none,,,576,720,yes
validation,cla820gl2s3rn071u23tn2cc2,out/images/raw/cla820gl2s3rn071u23tn2cc2.jpg,Where in the image is the abnormality?,center; center-left; center-right; lower-center; lower-left; lower-right; upper-center; upper-left; upper-right,,,576,720,yes
validation,cla820gl2s3rn071u23tn2cc2,out/images/raw/cla820gl2s3rn071u23tn2cc2.jpg,How many instrumnets are in the image?,0,,,576,720,1
validation,cla820gl2s3rn071u23tn2cc2,out/images/raw/cla820gl2s3rn071u23tn2cc2.jpg,How many findings are present?,1,,,576,720,yes
validation,cla820gl2s3rn071u23tn2cc2,out/images/raw/cla820gl2s3rn071u23tn2cc2.jpg,What color is the abnormality? If more than one separate with ;,pink; red; white; yellow,,,576,720,1
validation,cla820gl2s3rn071u23tn2cc2,out/images/raw/cla820gl2s3rn071u23tn2cc2.jpg,What type of polyp is present?,none,,,576,720,yes
validation,cla820gl2s3rn071u23tn2cc2,out/images/raw/cla820gl2s3rn071u23tn2cc2.jpg,Where in the image is the anatomical landmark?,none,,,576,720,no
validation,cla820gl2s3rn071u23tn2cc2,out/images/raw/cla820gl2s3rn071u23tn2cc2.jpg,Is there text?,yes,,,576,720,upper left
validation,cla820gl2s3rn071u23tn2cc2,out/images/raw/cla820gl2s3rn071u23tn2cc2.jpg,Are there any anatomical landmarks in the image? Check all that are present.,none,,,576,720,2
validation,cla820gl2s3rn071u23tn2cc2,out/images/raw/cla820gl2s3rn071u23tn2cc2.jpg,Where in the image is the instrument?,none,,,576,720,1
validation,cla820gl2s3rn071u23tn2cc2,out/images/raw/cla820gl2s3rn071u23tn2cc2.jpg,What type of procedure is the image taken from?,colonoscopy,,,576,720,large
validation,cla820gl3s3rv071u464g37xw,out/images/raw/cla820gl3s3rv071u464g37xw.jpg,What type of procedure is the image taken from?,colonoscopy,,,576,720,plastic
validation,cla820gl3s3rv071u464g37xw,out/images/raw/cla820gl3s3rv071u464g37xw.jpg,How many findings are present?,1,,,576,720,bottom
validation,cla820gl3s3rv071u464g37xw,out/images/raw/cla820gl3s3rv071u464g37xw.jpg,Is there a green/black box artefact?,no,,,576,720,1
validation,cla820gl3s3rv071u464g37xw,out/images/raw/cla820gl3s3rv071u464g37xw.jpg,How many polyps are in the image?,0,,,576,720,bottom
validation,cla820gl3s3rv071u464g37xw,out/images/raw/cla820gl3s3rv071u464g37xw.jpg,Where in the image is the anatomical landmark?,none,,,576,720,upper left
validation,cla820gl3s3rv071u464g37xw,out/images/raw/cla820gl3s3rv071u464g37xw.jpg,Are there any instruments in the image? Check all that are present.,none,,,576,720,large
validation,cla820gl3s3rv071u464g37xw,out/images/raw/cla820gl3s3rv071u464g37xw.jpg,Is there text?,yes,,,576,720,no
validation,cla820gl3s3rv071u464g37xw,out/images/raw/cla820gl3s3rv071u464g37xw.jpg,Where in the image is the instrument?,none,,,576,720,surgery
validation,cla820gl3s3rv071u464g37xw,out/images/raw/cla820gl3s3rv071u464g37xw.jpg,What type of polyp is present?,none,,,576,720,eye surgery
validation,cla820gl3s3rv071u464g37xw,out/images/raw/cla820gl3s3rv071u464g37xw.jpg,What color is the abnormality? If more than one separate with ;,pink; red; white,,,576,720,yes
validation,cla820gl3s3rv071u464g37xw,out/images/raw/cla820gl3s3rv071u464g37xw.jpg,Is this finding easy to detect?,yes,,,576,720,no
validation,cla820gl3s3rv071u464g37xw,out/images/raw/cla820gl3s3rv071u464g37xw.jpg,Are there any abnormalities in the image? Check all that are present.,ulcerative colitis,,,576,720,yes
validation,cla820gl3s3rv071u464g37xw,out/images/raw/cla820gl3s3rv071u464g37xw.jpg,How many instrumnets are in the image?,0,,,576,720,eye surgery
validation,cla820gl3s3rv071u464g37xw,out/images/raw/cla820gl3s3rv071u464g37xw.jpg,What is the size of the polyp?,none,,,576,720,plastic
validation,cla820gl3s3rv071u464g37xw,out/images/raw/cla820gl3s3rv071u464g37xw.jpg,Are there any anatomical landmarks in the image? Check all that are present.,none,,,576,720,upper left
validation,cla820gl3s3rv071u464g37xw,out/images/raw/cla820gl3s3rv071u464g37xw.jpg,Have all polyps been removed?,not relevant,,,576,720,eye
validation,cla820gl3s3rv071u464g37xw,out/images/raw/cla820gl3s3rv071u464g37xw.jpg,Where in the image is the abnormality?,center; center-left; center-right; lower-center; lower-left; lower-right; upper-center; upper-left; upper-right,,,576,720,upper left
validation,cla820gl3s3sv071u3qhw492a,out/images/raw/cla820gl3s3sv071u3qhw492a.jpg,Are there any instruments in the image? Check all that are present.,none,,,576,720,no
validation,cla820gl3s3sv071u3qhw492a,out/images/raw/cla820gl3s3sv071u3qhw492a.jpg,What type of polyp is present?,none,,,576,720,yes
validation,cla820gl3s3sv071u3qhw492a,out/images/raw/cla820gl3s3sv071u3qhw492a.jpg,Where in the image is the abnormality?,center; center-left; center-right; lower-center; lower-right; upper-center; upper-left; upper-right,,,576,720,bottom
validation,cla820gl3s3sv071u3qhw492a,out/images/raw/cla820gl3s3sv071u3qhw492a.jpg,Is this finding easy to detect?,yes,,,576,720,brown
validation,cla820gl3s3sv071u3qhw492a,out/images/raw/cla820gl3s3sv071u3qhw492a.jpg,Is there text?,yes,,,576,720,no
validation,cla820gl3s3sv071u3qhw492a,out/images/raw/cla820gl3s3sv071u3qhw492a.jpg,Where in the image is the instrument?,none,,,576,720,upper left
validation,cla820gl3s3sv071u3qhw492a,out/images/raw/cla820gl3s3sv071u3qhw492a.jpg,Are there any anatomical landmarks in the image? Check all that are present.,none,,,576,720,large
validation,cla820gl3s3sv071u3qhw492a,out/images/raw/cla820gl3s3sv071u3qhw492a.jpg,How many polyps are in the image?,0,,,576,720,yes
validation,cla820gl3s3sv071u3qhw492a,out/images/raw/cla820gl3s3sv071u3qhw492a.jpg,What type of procedure is the image taken from?,colonoscopy,,,576,720,pink
validation,cla820gl3s3sv071u3qhw492a,out/images/raw/cla820gl3s3sv071u3qhw492a.jpg,How many findings are present?,1,,,576,720,yes
validation,cla820gl3s3sv071u3qhw492a,out/images/raw/cla820gl3s3sv071u3qhw492a.jpg,Where in the image is the anatomical landmark?,none,,,576,720,yes
validation,cla820gl3s3sv071u3qhw492a,out/images/raw/cla820gl3s3sv071u3qhw492a.jpg,What color is the abnormality? If more than one separate with ;,pink; red; white,,,576,720,orange
validation,cla820gl3s3sv071u3qhw492a,out/images/raw/cla820gl3s3sv071u3qhw492a.jpg,Is there a green/black box artefact?,yes,,,576,720,middle
validation,cla820gl3s3sv071u3qhw492a,out/images/raw/cla820gl3s3sv071u3qhw492a.jpg,Are there any abnormalities in the image? Check all that are present.,ulcerative colitis,,,576,720,yes
validation,cla820gl3s3sv071u3qhw492a,out/images/raw/cla820gl3s3sv071u3qhw492a.jpg,Have all polyps been removed?,not relevant,,,576,720,yes
validation,cla820gl3s3sv071u3qhw492a,out/images/raw/cla820gl3s3sv071u3qhw492a.jpg,How many instrumnets are in the image?,0,,,576,720,yes
validation,cla820gl3s3sv071u3qhw492a,out/images/raw/cla820gl3s3sv071u3qhw492a.jpg,What is the size of the polyp?,none,,,576,720,eye
validation,cla820gl5s3vz071ua6uggyz6,out/images/raw/cla820gl5s3vz071ua6uggyz6.jpg,Are there any abnormalities in the image? Check all that are present.,ulcerative colitis,,,576,720,no
validation,cla820gl5s3vz071ua6uggyz6,out/images/raw/cla820gl5s3vz071ua6uggyz6.jpg,How many findings are present?,1,,,576,720,upper left
validation,cla820gl5s3vz071ua6uggyz6,out/images/raw/cla820gl5s3vz071ua6uggyz6.jpg,What color is the abnormality? If more than one separate with ;,pink; red; white,,,576,720,eye
validation,cla820gl5s3vz071ua6uggyz6,out/images/raw/cla820gl5s3vz071ua6uggyz6.jpg,Where in the image is the anatomical landmark?,none,,,576,720,no
validation,cla820gl5s3vz071ua6uggyz6,out/images/raw/cla820gl5s3vz071ua6uggyz6.jpg,Have all polyps been removed?,not relevant,,,576,720,1
validation,cla820gl5s3vz071ua6uggyz6,out/images/raw/cla820gl5s3vz071ua6uggyz6.jpg,Are there any instruments in the image? Check all that are present.,none,,,576,720,no
validation,cla820gl5s3vz071ua6uggyz6,out/images/raw/cla820gl5s3vz071ua6uggyz6.jpg,How many polyps are in the image?,0,,,576,720,bottom
validation,cla820gl5s3vz071ua6uggyz6,out/images/raw/cla820gl5s3vz071ua6uggyz6.jpg,Are there any anatomical landmarks in the image? Check all that are present.,none,,,576,720,yes
validation,cla820gl5s3vz071ua6uggyz6,out/images/raw/cla820gl5s3vz071ua6uggyz6.jpg,Where in the image is the instrument?,none,,,576,720,bottom
validation,cla820gl5s3vz071ua6uggyz6,out/images/raw/cla820gl5s3vz071ua6uggyz6.jpg,What is the size of the polyp?,none,,,576,720,yes
validation,cla820gl5s3vz071ua6uggyz6,out/images/raw/cla820gl5s3vz071ua6uggyz6.jpg,Where in the image is the abnormality?,center; center-left; center-right; lower-center; lower-left; lower-right; upper-center; upper-left; upper-right,,,576,720,yes
validation,cla820gl5s3vz071ua6uggyz6,out/images/raw/cla820gl5s3vz071ua6uggyz6.jpg,What type of procedure is the image taken from?,colonoscopy,,,576,720,large
validation,cla820gl5s3vz071ua6uggyz6,out/images/raw/cla820gl5s3vz071ua6uggyz6.jpg,How many instrumnets are in the image?,0,,,576,720,upper left
validation,cla820gl5s3vz071ua6uggyz6,out/images/raw/cla820gl5s3vz071ua6uggyz6.jpg,Is this finding easy to detect?,yes,,,576,720,no
validation,cla820gl5s3vz071ua6uggyz6,out/images/raw/cla820gl5s3vz071ua6uggyz6.jpg,Is there text?,yes,,,576,720,yes
validation,cla820gl5s3vz071ua6uggyz6,out/images/raw/cla820gl5s3vz071ua6uggyz6.jpg,Is there a green/black box artefact?,no,,,576,720,1
validation,cla820gl5s3vz071ua6uggyz6,out/images/raw/cla820gl5s3vz071ua6uggyz6.jpg,What type of polyp is present?,none,,,576,720,1
validation,cla820gl6s3y3071u6gxs1pgc,out/images/raw/cla820gl6s3y3071u6gxs1pgc.jpg,Is there text?,yes,,,576,720,large
validation,cla820gl6s3y3071u6gxs1pgc,out/images/raw/cla820gl6s3y3071u6gxs1pgc.jpg,Is this finding easy to detect?,yes,,,576,720,eye
validation,cla820gl6s3y3071u6gxs1pgc,out/images/raw/cla820gl6s3y3071u6gxs1pgc.jpg,Are there any anatomical landmarks in the image? Check all that are present.,none,,,576,720,bottom
validation,cla820gl6s3y3071u6gxs1pgc,out/images/raw/cla820gl6s3y3071u6gxs1pgc.jpg,Have all polyps been removed?,not relevant,,,576,720,1
validation,cla820gl6s3y3071u6gxs1pgc,out/images/raw/cla820gl6s3y3071u6gxs1pgc.jpg,Where in the image is the anatomical landmark?,none,,,576,720,no
validation,cla820gl6s3y3071u6gxs1pgc,out/images/raw/cla820gl6s3y3071u6gxs1pgc.jpg,What type of procedure is the image taken from?,colonoscopy,,,576,720,yes
validation,cla820gl6s3y3071u6gxs1pgc,out/images/raw/cla820gl6s3y3071u6gxs1pgc.jpg,Where in the image is the abnormality?,center; center-left; center-right; lower-center; lower-left; upper-center; upper-left; upper-right,,,576,720,no
validation,cla820gl6s3y3071u6gxs1pgc,out/images/raw/cla820gl6s3y3071u6gxs1pgc.jpg,Is there a green/black box artefact?,no,,,576,720,1
validation,cla820gl6s3y3071u6gxs1pgc,out/images/raw/cla820gl6s3y3071u6gxs1pgc.jpg,How many findings are present?,1,,,576,720,upper left
validation,cla820gl6s3y3071u6gxs1pgc,out/images/raw/cla820gl6s3y3071u6gxs1pgc.jpg,Where in the image is the instrument?,none,,,576,720,yes
validation,cla820gl6s3y3071u6gxs1pgc,out/images/raw/cla820gl6s3y3071u6gxs1pgc.jpg,Are there any instruments in the image? Check all that are present.,none,,,576,720,1
validation,cla820gl6s3y3071u6gxs1pgc,out/images/raw/cla820gl6s3y3071u6gxs1pgc.jpg,How many polyps are in the image?,0,,,576,720,no
validation,cla820gl6s3y3071u6gxs1pgc,out/images/raw/cla820gl6s3y3071u6gxs1pgc.jpg,What color is the abnormality? If more than one separate with ;,pink; red,,,576,720,bottom right
validation,cla820gl6s3y3071u6gxs1pgc,out/images/raw/cla820gl6s3y3071u6gxs1pgc.jpg,How many instrumnets are in the image?,0,,,576,720,photoshop
validation,cla820gl6s3y3071u6gxs1pgc,out/images/raw/cla820gl6s3y3071u6gxs1pgc.jpg,Are there any abnormalities in the image? Check all that are present.,ulcerative colitis,,,576,720,yes
validation,cla820gl6s3y3071u6gxs1pgc,out/images/raw/cla820gl6s3y3071u6gxs1pgc.jpg,What type of polyp is present?,none,,,576,720,yes
validation,cla820gl6s3y3071u6gxs1pgc,out/images/raw/cla820gl6s3y3071u6gxs1pgc.jpg,What is the size of the polyp?,none,,,576,720,upper left
validation,cla820gl7s407071u0j1bd6ly,out/images/raw/cla820gl7s407071u0j1bd6ly.jpg,Are there any abnormalities in the image? Check all that are present.,ulcerative colitis,,,576,720,plastic
validation,cla820gl7s407071u0j1bd6ly,out/images/raw/cla820gl7s407071u0j1bd6ly.jpg,Is there text?,yes,,,576,720,1
validation,cla820gl7s407071u0j1bd6ly,out/images/raw/cla820gl7s407071u0j1bd6ly.jpg,Are there any anatomical landmarks in the image? Check all that are present.,none,,,576,720,upper left
validation,cla820gl7s407071u0j1bd6ly,out/images/raw/cla820gl7s407071u0j1bd6ly.jpg,How many polyps are in the image?,0,,,576,720,1
validation,cla820gl7s407071u0j1bd6ly,out/images/raw/cla820gl7s407071u0j1bd6ly.jpg,What color is the abnormality? If more than one separate with ;,pink; red; white,,,576,720,yes
validation,cla820gl7s407071u0j1bd6ly,out/images/raw/cla820gl7s407071u0j1bd6ly.jpg,Is this finding easy to detect?,yes,,,576,720,no
validation,cla820gl7s407071u0j1bd6ly,out/images/raw/cla820gl7s407071u0j1bd6ly.jpg,Is there a green/black box artefact?,no,,,576,720,bottom
validation,cla820gl7s407071u0j1bd6ly,out/images/raw/cla820gl7s407071u0j1bd6ly.jpg,What type of procedure is the image taken from?,colonoscopy,,,576,720,no
validation,cla820gl7s407071u0j1bd6ly,out/images/raw/cla820gl7s407071u0j1bd6ly.jpg,Where in the image is the instrument?,none,,,576,720,no
validation,cla820gl7s407071u0j1bd6ly,out/images/raw/cla820gl7s407071u0j1bd6ly.jpg,Are there any instruments in the image? Check all that are present.,none,,,576,720,upper left
validation,cla820gl7s407071u0j1bd6ly,out/images/raw/cla820gl7s407071u0j1bd6ly.jpg,Have all polyps been removed?,not relevant,,,576,720,large
validation,cla820gl7s407071u0j1bd6ly,out/images/raw/cla820gl7s407071u0j1bd6ly.jpg,Where in the image is the abnormality?,center; center-left; center-right; lower-center; lower-left; lower-right; upper-center; upper-left; upper-right,,,576,720,no
validation,cla820gl7s407071u0j1bd6ly,out/images/raw/cla820gl7s407071u0j1bd6ly.jpg,What type of polyp is present?,none,,,576,720,bottom
validation,cla820gl7s407071u0j1bd6ly,out/images/raw/cla820gl7s407071u0j1bd6ly.jpg,Where in the image is the anatomical landmark?,none,,,576,720,1
validation,cla820gl7s407071u0j1bd6ly,out/images/raw/cla820gl7s407071u0j1bd6ly.jpg,What is the size of the polyp?,none,,,576,720,orange
validation,cla820gl7s407071u0j1bd6ly,out/images/raw/cla820gl7s407071u0j1bd6ly.jpg,How many findings are present?,1,,,576,720,1
validation,cla820gl7s407071u0j1bd6ly,out/images/raw/cla820gl7s407071u0j1bd6ly.jpg,How many instrumnets are in the image?,0,,,576,720,small
validation,cla820gl8s40z071u0iu04nv7,out/images/raw/cla820gl8s40z071u0iu04nv7.jpg,Is there text?,yes,,,576,720,no
validation,cla820gl8s40z071u0iu04nv7,out/images/raw/cla820gl8s40z071u0iu04nv7.jpg,Where in the image is the abnormality?,center; center-left; center-right; lower-center; lower-left; lower-right; upper-center; upper-left; upper-right,,,576,720,yes
validation,cla820gl8s40z071u0iu04nv7,out/images/raw/cla820gl8s40z071u0iu04nv7.jpg,What color is the abnormality? If more than one separate with ;,pink; red; white,,,576,720,yes
validation,cla820gl8s40z071u0iu04nv7,out/images/raw/cla820gl8s40z071u0iu04nv7.jpg,Are there any anatomical landmarks in the image? Check all that are present.,none,,,576,720,orange
validation,cla820gl8s40z071u0iu04nv7,out/images/raw/cla820gl8s40z071u0iu04nv7.jpg,What type of polyp is present?,none,,,576,720,yes
validation,cla820gl8s40z071u0iu04nv7,out/images/raw/cla820gl8s40z071u0iu04nv7.jpg,What type of procedure is the image taken from?,colonoscopy,,,576,720,yes
validation,cla820gl8s40z071u0iu04nv7,out/images/raw/cla820gl8s40z071u0iu04nv7.jpg,Where in the image is the instrument?,none,,,576,720,yes
validation,cla820gl8s40z071u0iu04nv7,out/images/raw/cla820gl8s40z071u0iu04nv7.jpg,Is this finding easy to detect?,yes,,,576,720,yes
validation,cla820gl8s40z071u0iu04nv7,out/images/raw/cla820gl8s40z071u0iu04nv7.jpg,Is there a green/black box artefact?,no,,,576,720,yes
validation,cla820gl8s40z071u0iu04nv7,out/images/raw/cla820gl8s40z071u0iu04nv7.jpg,Are there any abnormalities in the image? Check all that are present.,ulcerative colitis,,,576,720,no
validation,cla820gl8s40z071u0iu04nv7,out/images/raw/cla820gl8s40z071u0iu04nv7.jpg,Where in the image is the anatomical landmark?,none,,,576,720,yes
validation,cla820gl8s40z071u0iu04nv7,out/images/raw/cla820gl8s40z071u0iu04nv7.jpg,How many instrumnets are in the image?,0,,,576,720,yes
validation,cla820gl8s40z071u0iu04nv7,out/images/raw/cla820gl8s40z071u0iu04nv7.jpg,Are there any instruments in the image? Check all that are present.,none,,,576,720,surgery
validation,cla820gl8s40z071u0iu04nv7,out/images/raw/cla820gl8s40z071u0iu04nv7.jpg,How many findings are present?,1,,,576,720,upper right
validation,cla820gl8s40z071u0iu04nv7,out/images/raw/cla820gl8s40z071u0iu04nv7.jpg,What is the size of the polyp?,none,,,576,720,no
validation,cla820gl8s40z071u0iu04nv7,out/images/raw/cla820gl8s40z071u0iu04nv7.jpg,Have all polyps been removed?,not relevant,,,576,720,plastic
validation,cla820gl8s40z071u0iu04nv7,out/images/raw/cla820gl8s40z071u0iu04nv7.jpg,How many polyps are in the image?,0,,,576,720,no
validation,cla820glbs467071ufumlfdwb,out/images/raw/cla820glbs467071ufumlfdwb.jpg,Is there a green/black box artefact?,yes,,,576,720,yes
validation,cla820glbs467071ufumlfdwb,out/images/raw/cla820glbs467071ufumlfdwb.jpg,What color is the abnormality? If more than one separate with ;,pink; red; white,,,576,720,yes
validation,cla820glbs467071ufumlfdwb,out/images/raw/cla820glbs467071ufumlfdwb.jpg,How many findings are present?,1,,,576,720,1
validation,cla820glbs467071ufumlfdwb,out/images/raw/cla820glbs467071ufumlfdwb.jpg,Is there text?,yes,,,576,720,yes
validation,cla820glbs467071ufumlfdwb,out/images/raw/cla820glbs467071ufumlfdwb.jpg,Are there any abnormalities in the image? Check all that are present.,ulcerative colitis,,,576,720,1
validation,cla820glbs467071ufumlfdwb,out/images/raw/cla820glbs467071ufumlfdwb.jpg,Where in the image is the abnormality?,center; center-left; center-right; lower-center; lower-right; upper-center; upper-left; upper-right,,,576,720,yes
validation,cla820glbs467071ufumlfdwb,out/images/raw/cla820glbs467071ufumlfdwb.jpg,What type of polyp is present?,none,,,576,720,2
validation,cla820glbs467071ufumlfdwb,out/images/raw/cla820glbs467071ufumlfdwb.jpg,Have all polyps been removed?,not relevant,,,576,720,no
validation,cla820glbs467071ufumlfdwb,out/images/raw/cla820glbs467071ufumlfdwb.jpg,What is the size of the polyp?,none,,,576,720,peel
validation,cla820glbs467071ufumlfdwb,out/images/raw/cla820glbs467071ufumlfdwb.jpg,How many polyps are in the image?,0,,,576,720,yes
validation,cla820glbs467071ufumlfdwb,out/images/raw/cla820glbs467071ufumlfdwb.jpg,What type of procedure is the image taken from?,colonoscopy,,,576,720,2
validation,cla820glbs467071ufumlfdwb,out/images/raw/cla820glbs467071ufumlfdwb.jpg,Where in the image is the instrument?,none,,,576,720,no
validation,cla820glbs467071ufumlfdwb,out/images/raw/cla820glbs467071ufumlfdwb.jpg,How many instrumnets are in the image?,0,,,576,720,no
validation,cla820glbs467071ufumlfdwb,out/images/raw/cla820glbs467071ufumlfdwb.jpg,Are there any anatomical landmarks in the image? Check all that are present.,none,,,576,720,bottom
validation,cla820glbs467071ufumlfdwb,out/images/raw/cla820glbs467071ufumlfdwb.jpg,Are there any instruments in the image? Check all that are present.,none,,,576,720,1
validation,cla820glbs467071ufumlfdwb,out/images/raw/cla820glbs467071ufumlfdwb.jpg,Where in the image is the anatomical landmark?,none,,,576,720,upper left
validation,cla820glbs467071ufumlfdwb,out/images/raw/cla820glbs467071ufumlfdwb.jpg,Is this finding easy to detect?,yes,,,576,720,no
validation,cla820glbs46z071ue1ct0nh8,out/images/raw/cla820glbs46z071ue1ct0nh8.jpg,How many polyps are in the image?,0,,,576,720,yes
validation,cla820glbs46z071ue1ct0nh8,out/images/raw/cla820glbs46z071ue1ct0nh8.jpg,Are there any instruments in the image? Check all that are present.,none,,,576,720,1
validation,cla820glbs46z071ue1ct0nh8,out/images/raw/cla820glbs46z071ue1ct0nh8.jpg,Is this finding easy to detect?,yes,,,576,720,yes
validation,cla820glbs46z071ue1ct0nh8,out/images/raw/cla820glbs46z071ue1ct0nh8.jpg,What color is the abnormality? If more than one separate with ;,pink; red; white,,,576,720,yes
validation,cla820glbs46z071ue1ct0nh8,out/images/raw/cla820glbs46z071ue1ct0nh8.jpg,Are there any abnormalities in the image? Check all that are present.,ulcerative colitis,,,576,720,acne
validation,cla820glbs46z071ue1ct0nh8,out/images/raw/cla820glbs46z071ue1ct0nh8.jpg,Are there any anatomical landmarks in the image? Check all that are present.,none,,,576,720,yes
validation,cla820glbs46z071ue1ct0nh8,out/images/raw/cla820glbs46z071ue1ct0nh8.jpg,How many findings are present?,1,,,576,720,yes
validation,cla820glbs46z071ue1ct0nh8,out/images/raw/cla820glbs46z071ue1ct0nh8.jpg,Where in the image is the abnormality?,center; center-left; center-right; lower-center; lower-right; upper-center; upper-left; upper-right,,,576,720,large
validation,cla820glbs46z071ue1ct0nh8,out/images/raw/cla820glbs46z071ue1ct0nh8.jpg,Is there text?,no,,,576,720,no
validation,cla820glbs46z071ue1ct0nh8,out/images/raw/cla820glbs46z071ue1ct0nh8.jpg,What type of procedure is the image taken from?,colonoscopy,,,576,720,bottom
validation,cla820glbs46z071ue1ct0nh8,out/images/raw/cla820glbs46z071ue1ct0nh8.jpg,Is there a green/black box artefact?,yes,,,576,720,yes
validation,cla820glbs46z071ue1ct0nh8,out/images/raw/cla820glbs46z071ue1ct0nh8.jpg,What type of polyp is present?,none,,,576,720,1
validation,cla820glbs46z071ue1ct0nh8,out/images/raw/cla820glbs46z071ue1ct0nh8.jpg,Have all polyps been removed?,not relevant,,,576,720,3
validation,cla820glbs46z071ue1ct0nh8,out/images/raw/cla820glbs46z071ue1ct0nh8.jpg,What is the size of the polyp?,none,,,576,720,yes
validation,cla820glbs46z071ue1ct0nh8,out/images/raw/cla820glbs46z071ue1ct0nh8.jpg,Where in the image is the instrument?,none,,,576,720,1
validation,cla820glbs46z071ue1ct0nh8,out/images/raw/cla820glbs46z071ue1ct0nh8.jpg,How many instrumnets are in the image?,0,,,576,720,plastic
validation,cla820glbs46z071ue1ct0nh8,out/images/raw/cla820glbs46z071ue1ct0nh8.jpg,Where in the image is the anatomical landmark?,none,,,576,720,bottom
validation,cla820glcs47v071u0n7i11qa,out/images/raw/cla820glcs47v071u0n7i11qa.jpg,Are there any instruments in the image? Check all that are present.,none,,,576,720,1
validation,cla820glcs47v071u0n7i11qa,out/images/raw/cla820glcs47v071u0n7i11qa.jpg,How many instrumnets are in the image?,0,,,576,720,no
validation,cla820glcs47v071u0n7i11qa,out/images/raw/cla820glcs47v071u0n7i11qa.jpg,Where in the image is the abnormality?,center; center-left; center-right; lower-center; lower-right; upper-center; upper-left; upper-right,,,576,720,yes
validation,cla820glcs47v071u0n7i11qa,out/images/raw/cla820glcs47v071u0n7i11qa.jpg,Where in the image is the instrument?,none,,,576,720,large
validation,cla820glcs47v071u0n7i11qa,out/images/raw/cla820glcs47v071u0n7i11qa.jpg,Is there text?,yes,,,576,720,2
validation,cla820glcs47v071u0n7i11qa,out/images/raw/cla820glcs47v071u0n7i11qa.jpg,What color is the abnormality? If more than one separate with ;,pink; red; white,,,576,720,yes
validation,cla820glcs47v071u0n7i11qa,out/images/raw/cla820glcs47v071u0n7i11qa.jpg,Are there any anatomical landmarks in the image? Check all that are present.,none,,,576,720,no
validation,cla820glcs47v071u0n7i11qa,out/images/raw/cla820glcs47v071u0n7i11qa.jpg,Where in the image is the anatomical landmark?,none,,,576,720,large
validation,cla820glcs47v071u0n7i11qa,out/images/raw/cla820glcs47v071u0n7i11qa.jpg,Have all polyps been removed?,not relevant,,,576,720,bottom
validation,cla820glcs47v071u0n7i11qa,out/images/raw/cla820glcs47v071u0n7i11qa.jpg,Are there any abnormalities in the image? Check all that are present.,ulcerative colitis,,,576,720,red
validation,cla820glcs47v071u0n7i11qa,out/images/raw/cla820glcs47v071u0n7i11qa.jpg,What is the size of the polyp?,none,,,576,720,bottom
validation,cla820glcs47v071u0n7i11qa,out/images/raw/cla820glcs47v071u0n7i11qa.jpg,How many polyps are in the image?,0,,,576,720,eye
validation,cla820glcs47v071u0n7i11qa,out/images/raw/cla820glcs47v071u0n7i11qa.jpg,What type of polyp is present?,none,,,576,720,no
validation,cla820glcs47v071u0n7i11qa,out/images/raw/cla820glcs47v071u0n7i11qa.jpg,How many findings are present?,1,,,576,720,yes
validation,cla820glcs47v071u0n7i11qa,out/images/raw/cla820glcs47v071u0n7i11qa.jpg,Is this finding easy to detect?,yes,,,576,720,yes
validation,cla820glcs47v071u0n7i11qa,out/images/raw/cla820glcs47v071u0n7i11qa.jpg,Is there a green/black box artefact?,no,,,576,720,upper left
validation,cla820glcs47v071u0n7i11qa,out/images/raw/cla820glcs47v071u0n7i11qa.jpg,What type of procedure is the image taken from?,colonoscopy,,,576,720,plastic
validation,cla820glcs48b071ueoc59q55,out/images/raw/cla820glcs48b071ueoc59q55.jpg,How many polyps are in the image?,0,,,576,720,yes
validation,cla820glcs48b071ueoc59q55,out/images/raw/cla820glcs48b071ueoc59q55.jpg,Where in the image is the abnormality?,center; center-left; center-right; lower-center; lower-left; lower-right; upper-center; upper-left; upper-right,,,576,720,no
validation,cla820glcs48b071ueoc59q55,out/images/raw/cla820glcs48b071ueoc59q55.jpg,Is there text?,yes,,,576,720,yes
validation,cla820glcs48b071ueoc59q55,out/images/raw/cla820glcs48b071ueoc59q55.jpg,What color is the abnormality? If more than one separate with ;,pink; red; white,,,576,720,purple
validation,cla820glcs48b071ueoc59q55,out/images/raw/cla820glcs48b071ueoc59q55.jpg,How many instrumnets are in the image?,0,,,576,720,pink
validation,cla820glcs48b071ueoc59q55,out/images/raw/cla820glcs48b071ueoc59q55.jpg,Where in the image is the anatomical landmark?,none,,,576,720,no
validation,cla820glcs48b071ueoc59q55,out/images/raw/cla820glcs48b071ueoc59q55.jpg,Are there any instruments in the image? Check all that are present.,none,,,576,720,bottom
validation,cla820glcs48b071ueoc59q55,out/images/raw/cla820glcs48b071ueoc59q55.jpg,What type of polyp is present?,none,,,576,720,upper left
validation,cla820glcs48b071ueoc59q55,out/images/raw/cla820glcs48b071ueoc59q55.jpg,Have all polyps been removed?,not relevant,,,576,720,large
validation,cla820glcs48b071ueoc59q55,out/images/raw/cla820glcs48b071ueoc59q55.jpg,Are there any abnormalities in the image? Check all that are present.,ulcerative colitis,,,576,720,yes
validation,cla820glcs48b071ueoc59q55,out/images/raw/cla820glcs48b071ueoc59q55.jpg,What is the size of the polyp?,none,,,576,720,no
validation,cla820glcs48b071ueoc59q55,out/images/raw/cla820glcs48b071ueoc59q55.jpg,Is there a green/black box artefact?,no,,,576,720,yes
validation,cla820glcs48b071ueoc59q55,out/images/raw/cla820glcs48b071ueoc59q55.jpg,Where in the image is the instrument?,none,,,576,720,upper left
validation,cla820glcs48b071ueoc59q55,out/images/raw/cla820glcs48b071ueoc59q55.jpg,How many findings are present?,1,,,576,720,yes
validation,cla820glcs48b071ueoc59q55,out/images/raw/cla820glcs48b071ueoc59q55.jpg,What type of procedure is the image taken from?,colonoscopy,,,576,720,photoshop
validation,cla820glcs48b071ueoc59q55,out/images/raw/cla820glcs48b071ueoc59q55.jpg,Are there any anatomical landmarks in the image? Check all that are present.,none,,,576,720,yes
validation,cla820glcs48b071ueoc59q55,out/images/raw/cla820glcs48b071ueoc59q55.jpg,Is this finding easy to detect?,yes,,,576,720,yes
validation,cla820glds497071u4nznh6kl,out/images/raw/cla820glds497071u4nznh6kl.jpg,What type of polyp is present?,none,,,576,720,1
validation,cla820glds497071u4nznh6kl,out/images/raw/cla820glds497071u4nznh6kl.jpg,What is the size of the polyp?,none,,,576,720,plastic
validation,cla820glds497071u4nznh6kl,out/images/raw/cla820glds497071u4nznh6kl.jpg,Have all polyps been removed?,not relevant,,,576,720,large
validation,cla820glds497071u4nznh6kl,out/images/raw/cla820glds497071u4nznh6kl.jpg,How many polyps are in the image?,0,,,576,720,yes
validation,cla820glds497071u4nznh6kl,out/images/raw/cla820glds497071u4nznh6kl.jpg,Are there any instruments in the image? Check all that are present.,none,,,576,720,yes
validation,cla820glds497071u4nznh6kl,out/images/raw/cla820glds497071u4nznh6kl.jpg,What type of procedure is the image taken from?,colonoscopy,,,576,720,lower right
validation,cla820glds497071u4nznh6kl,out/images/raw/cla820glds497071u4nznh6kl.jpg,Where in the image is the instrument?,none,,,576,720,1
validation,cla820glds497071u4nznh6kl,out/images/raw/cla820glds497071u4nznh6kl.jpg,Is this finding easy to detect?,yes,,,576,720,yes
validation,cla820glds497071u4nznh6kl,out/images/raw/cla820glds497071u4nznh6kl.jpg,What color is the abnormality? If more than one separate with ;,pink; red; white,,,576,720,yes
validation,cla820glds497071u4nznh6kl,out/images/raw/cla820glds497071u4nznh6kl.jpg,Is there a green/black box artefact?,yes,,,576,720,small
validation,cla820glds497071u4nznh6kl,out/images/raw/cla820glds497071u4nznh6kl.jpg,Where in the image is the anatomical landmark?,none,,,576,720,no
validation,cla820glds497071u4nznh6kl,out/images/raw/cla820glds497071u4nznh6kl.jpg,Are there any anatomical landmarks in the image? Check all that are present.,none,,,576,720,yes
validation,cla820glds497071u4nznh6kl,out/images/raw/cla820glds497071u4nznh6kl.jpg,How many findings are present?,1,,,576,720,1
validation,cla820glds497071u4nznh6kl,out/images/raw/cla820glds497071u4nznh6kl.jpg,How many instrumnets are in the image?,0,,,576,720,large
validation,cla820glds497071u4nznh6kl,out/images/raw/cla820glds497071u4nznh6kl.jpg,Are there any abnormalities in the image? Check all that are present.,ulcerative colitis,,,576,720,1
validation,cla820glds497071u4nznh6kl,out/images/raw/cla820glds497071u4nznh6kl.jpg,Is there text?,yes,,,576,720,large
validation,cla820glds497071u4nznh6kl,out/images/raw/cla820glds497071u4nznh6kl.jpg,Where in the image is the abnormality?,center; center-left; center-right; lower-center; lower-right; upper-center; upper-left; upper-right,,,576,720,1
validation,cla820gles4bz071u8fr012hd,out/images/raw/cla820gles4bz071u8fr012hd.jpg,What type of procedure is the image taken from?,colonoscopy,,,576,720,upper right
validation,cla820gles4bz071u8fr012hd,out/images/raw/cla820gles4bz071u8fr012hd.jpg,What color is the abnormality? If more than one separate with ;,pink; red,,,576,720,bottom
validation,cla820gles4bz071u8fr012hd,out/images/raw/cla820gles4bz071u8fr012hd.jpg,Are there any instruments in the image? Check all that are present.,none,,,576,720,yes
validation,cla820gles4bz071u8fr012hd,out/images/raw/cla820gles4bz071u8fr012hd.jpg,Are there any abnormalities in the image? Check all that are present.,ulcerative colitis,,,576,720,upper left
validation,cla820gles4bz071u8fr012hd,out/images/raw/cla820gles4bz071u8fr012hd.jpg,What is the size of the polyp?,none,,,576,720,small
validation,cla820gles4bz071u8fr012hd,out/images/raw/cla820gles4bz071u8fr012hd.jpg,Is this finding easy to detect?,yes,,,576,720,yes
validation,cla820gles4bz071u8fr012hd,out/images/raw/cla820gles4bz071u8fr012hd.jpg,Is there text?,yes,,,576,720,yes
validation,cla820gles4bz071u8fr012hd,out/images/raw/cla820gles4bz071u8fr012hd.jpg,Have all polyps been removed?,not relevant,,,576,720,1
validation,cla820gles4bz071u8fr012hd,out/images/raw/cla820gles4bz071u8fr012hd.jpg,Where in the image is the abnormality?,center; center-left; center-right; lower-center; lower-left; lower-right; upper-center; upper-left; upper-right,,,576,720,1
validation,cla820gles4bz071u8fr012hd,out/images/raw/cla820gles4bz071u8fr012hd.jpg,Is there a green/black box artefact?,yes,,,576,720,red
validation,cla820gles4bz071u8fr012hd,out/images/raw/cla820gles4bz071u8fr012hd.jpg,How many polyps are in the image?,0,,,576,720,no
validation,cla820gles4bz071u8fr012hd,out/images/raw/cla820gles4bz071u8fr012hd.jpg,What type of polyp is present?,none,,,576,720,1
validation,cla820gles4bz071u8fr012hd,out/images/raw/cla820gles4bz071u8fr012hd.jpg,How many findings are present?,1,,,576,720,yes
validation,cla820gles4bz071u8fr012hd,out/images/raw/cla820gles4bz071u8fr012hd.jpg,How many instrumnets are in the image?,0,,,576,720,1
validation,cla820gles4bz071u8fr012hd,out/images/raw/cla820gles4bz071u8fr012hd.jpg,Where in the image is the anatomical landmark?,none,,,576,720,1
validation,cla820gles4bz071u8fr012hd,out/images/raw/cla820gles4bz071u8fr012hd.jpg,Where in the image is the instrument?,none,,,576,720,yes
validation,cla820gles4bz071u8fr012hd,out/images/raw/cla820gles4bz071u8fr012hd.jpg,Are there any anatomical landmarks in the image? Check all that are present.,none,,,576,720,large
validation,cla820gles4cb071u30p914fw,out/images/raw/cla820gles4cb071u30p914fw.jpg,How many instrumnets are in the image?,0,,,576,720,yes
validation,cla820gles4cb071u30p914fw,out/images/raw/cla820gles4cb071u30p914fw.jpg,Is there text?,yes,,,576,720,1
validation,cla820gles4cb071u30p914fw,out/images/raw/cla820gles4cb071u30p914fw.jpg,Are there any instruments in the image? Check all that are present.,none,,,576,720,large
validation,cla820gles4cb071u30p914fw,out/images/raw/cla820gles4cb071u30p914fw.jpg,How many findings are present?,2,,,576,720,yes
validation,cla820gles4cb071u30p914fw,out/images/raw/cla820gles4cb071u30p914fw.jpg,Have all polyps been removed?,not relevant,,,576,720,photoshop
validation,cla820gles4cb071u30p914fw,out/images/raw/cla820gles4cb071u30p914fw.jpg,Where in the image is the abnormality?,center; center-left; center-right; lower-center; lower-left; lower-right; upper-center; upper-left; upper-right,,,576,720,no
validation,cla820gles4cb071u30p914fw,out/images/raw/cla820gles4cb071u30p914fw.jpg,Is this finding easy to detect?,yes,,,576,720,1
validation,cla820gles4cb071u30p914fw,out/images/raw/cla820gles4cb071u30p914fw.jpg,What is the size of the polyp?,none,,,576,720,yes
validation,cla820gles4cb071u30p914fw,out/images/raw/cla820gles4cb071u30p914fw.jpg,What color is the abnormality? If more than one separate with ;,pink; red,,,576,720,lower right
validation,cla820gles4cb071u30p914fw,out/images/raw/cla820gles4cb071u30p914fw.jpg,Where in the image is the anatomical landmark?,center-right; lower-rigth,,,576,720,plastic
validation,cla820gles4cb071u30p914fw,out/images/raw/cla820gles4cb071u30p914fw.jpg,What type of procedure is the image taken from?,colonoscopy,,,576,720,no
validation,cla820gles4cb071u30p914fw,out/images/raw/cla820gles4cb071u30p914fw.jpg,Are there any anatomical landmarks in the image? Check all that are present.,cecum,,,576,720,yes
validation,cla820gles4cb071u30p914fw,out/images/raw/cla820gles4cb071u30p914fw.jpg,Is there a green/black box artefact?,no,,,576,720,no
validation,cla820gles4cb071u30p914fw,out/images/raw/cla820gles4cb071u30p914fw.jpg,Where in the image is the instrument?,none,,,576,720,upper left
validation,cla820gles4cb071u30p914fw,out/images/raw/cla820gles4cb071u30p914fw.jpg,What type of polyp is present?,none,,,576,720,center
validation,cla820gles4cb071u30p914fw,out/images/raw/cla820gles4cb071u30p914fw.jpg,Are there any abnormalities in the image? Check all that are present.,ulcerative colitis,,,576,720,1
validation,cla820gles4cb071u30p914fw,out/images/raw/cla820gles4cb071u30p914fw.jpg,How many polyps are in the image?,0,,,576,720,no
validation,cla820glfs4cj071u5kek6b66,out/images/raw/cla820glfs4cj071u5kek6b66.jpg,Have all polyps been removed?,not relevant,,,576,720,1
validation,cla820glfs4cj071u5kek6b66,out/images/raw/cla820glfs4cj071u5kek6b66.jpg,Where in the image is the instrument?,none,,,576,720,2
validation,cla820glfs4cj071u5kek6b66,out/images/raw/cla820glfs4cj071u5kek6b66.jpg,Is there a green/black box artefact?,yes,,,576,720,no
validation,cla820glfs4cj071u5kek6b66,out/images/raw/cla820glfs4cj071u5kek6b66.jpg,What color is the abnormality? If more than one separate with ;,pink; red,,,576,720,no
validation,cla820glfs4cj071u5kek6b66,out/images/raw/cla820glfs4cj071u5kek6b66.jpg,What is the size of the polyp?,none,,,576,720,yes
validation,cla820glfs4cj071u5kek6b66,out/images/raw/cla820glfs4cj071u5kek6b66.jpg,Where in the image is the abnormality?,center; center-left; center-right; lower-center; lower-left; lower-right; upper-center; upper-left; upper-right,,,576,720,yes
validation,cla820glfs4cj071u5kek6b66,out/images/raw/cla820glfs4cj071u5kek6b66.jpg,Are there any anatomical landmarks in the image? Check all that are present.,none,,,576,720,plastic
validation,cla820glfs4cj071u5kek6b66,out/images/raw/cla820glfs4cj071u5kek6b66.jpg,Where in the image is the anatomical landmark?,none,,,576,720,yes
validation,cla820glfs4cj071u5kek6b66,out/images/raw/cla820glfs4cj071u5kek6b66.jpg,How many findings are present?,1,,,576,720,yes
validation,cla820glfs4cj071u5kek6b66,out/images/raw/cla820glfs4cj071u5kek6b66.jpg,Is there text?,yes,,,576,720,yes
validation,cla820glfs4cj071u5kek6b66,out/images/raw/cla820glfs4cj071u5kek6b66.jpg,Are there any abnormalities in the image? Check all that are present.,ulcerative colitis,,,576,720,no
validation,cla820glfs4cj071u5kek6b66,out/images/raw/cla820glfs4cj071u5kek6b66.jpg,How many polyps are in the image?,0,,,576,720,bottom
validation,cla820glfs4cj071u5kek6b66,out/images/raw/cla820glfs4cj071u5kek6b66.jpg,Are there any instruments in the image? Check all that are present.,none,,,576,720,yes
validation,cla820glfs4cj071u5kek6b66,out/images/raw/cla820glfs4cj071u5kek6b66.jpg,What type of procedure is the image taken from?,colonoscopy,,,576,720,large
validation,cla820glfs4cj071u5kek6b66,out/images/raw/cla820glfs4cj071u5kek6b66.jpg,What type of polyp is present?,none,,,576,720,1
validation,cla820glfs4cj071u5kek6b66,out/images/raw/cla820glfs4cj071u5kek6b66.jpg,Is this finding easy to detect?,yes,,,576,720,yes
validation,cla820glfs4cj071u5kek6b66,out/images/raw/cla820glfs4cj071u5kek6b66.jpg,How many instrumnets are in the image?,0,,,576,720,yes
validation,cla820glfs4dz071u4zz3h11m,out/images/raw/cla820glfs4dz071u4zz3h11m.jpg,Have all polyps been removed?,not relevant,,,1072,1920,no
validation,cla820glfs4dz071u4zz3h11m,out/images/raw/cla820glfs4dz071u4zz3h11m.jpg,Is there text?,yes,,,1072,1920,1
validation,cla820glfs4dz071u4zz3h11m,out/images/raw/cla820glfs4dz071u4zz3h11m.jpg,Is this finding easy to detect?,yes,,,1072,1920,1
validation,cla820glfs4dz071u4zz3h11m,out/images/raw/cla820glfs4dz071u4zz3h11m.jpg,What is the size of the polyp?,none,,,1072,1920,1
validation,cla820glfs4dz071u4zz3h11m,out/images/raw/cla820glfs4dz071u4zz3h11m.jpg,How many findings are present?,1,,,1072,1920,upper right
validation,cla820glfs4dz071u4zz3h11m,out/images/raw/cla820glfs4dz071u4zz3h11m.jpg,Where in the image is the anatomical landmark?,none,,,1072,1920,yes
validation,cla820glfs4dz071u4zz3h11m,out/images/raw/cla820glfs4dz071u4zz3h11m.jpg,Is there a green/black box artefact?,no,,,1072,1920,no
validation,cla820glfs4dz071u4zz3h11m,out/images/raw/cla820glfs4dz071u4zz3h11m.jpg,Are there any anatomical landmarks in the image? Check all that are present.,none,,,1072,1920,yes
validation,cla820glfs4dz071u4zz3h11m,out/images/raw/cla820glfs4dz071u4zz3h11m.jpg,What color is the abnormality? If more than one separate with ;,pink; red; white,,,1072,1920,no
validation,cla820glfs4dz071u4zz3h11m,out/images/raw/cla820glfs4dz071u4zz3h11m.jpg,What type of procedure is the image taken from?,colonoscopy,,,1072,1920,no
validation,cla820glfs4dz071u4zz3h11m,out/images/raw/cla820glfs4dz071u4zz3h11m.jpg,How many instrumnets are in the image?,0,,,1072,1920,yes
validation,cla820glfs4dz071u4zz3h11m,out/images/raw/cla820glfs4dz071u4zz3h11m.jpg,Where in the image is the instrument?,none,,,1072,1920,yes
validation,cla820glfs4dz071u4zz3h11m,out/images/raw/cla820glfs4dz071u4zz3h11m.jpg,Are there any instruments in the image? Check all that are present.,none,,,1072,1920,no
validation,cla820glfs4dz071u4zz3h11m,out/images/raw/cla820glfs4dz071u4zz3h11m.jpg,Are there any abnormalities in the image? Check all that are present.,ulcerative colitis,,,1072,1920,bottom
validation,cla820glfs4dz071u4zz3h11m,out/images/raw/cla820glfs4dz071u4zz3h11m.jpg,Where in the image is the abnormality?,center; center-left; center-right; lower-center; lower-left; lower-right; upper-center; upper-left; upper-right,,,1072,1920,1
validation,cla820glfs4dz071u4zz3h11m,out/images/raw/cla820glfs4dz071u4zz3h11m.jpg,What type of polyp is present?,none,,,1072,1920,yes
validation,cla820glfs4dz071u4zz3h11m,out/images/raw/cla820glfs4dz071u4zz3h11m.jpg,How many polyps are in the image?,0,,,1072,1920,pink
validation,cla820glgs4er071udnzn4r9b,out/images/raw/cla820glgs4er071udnzn4r9b.jpg,What color is the abnormality? If more than one separate with ;,pink; red,,,576,720,yes
validation,cla820glgs4er071udnzn4r9b,out/images/raw/cla820glgs4er071udnzn4r9b.jpg,Are there any abnormalities in the image? Check all that are present.,ulcerative colitis,,,576,720,no
validation,cla820glgs4er071udnzn4r9b,out/images/raw/cla820glgs4er071udnzn4r9b.jpg,Are there any anatomical landmarks in the image? Check all that are present.,none,,,576,720,upper left
validation,cla820glgs4er071udnzn4r9b,out/images/raw/cla820glgs4er071udnzn4r9b.jpg,Are there any instruments in the image? Check all that are present.,metal clip,,,576,720,yes
validation,cla820glgs4er071udnzn4r9b,out/images/raw/cla820glgs4er071udnzn4r9b.jpg,Have all polyps been removed?,not relevant,,,576,720,upper left
validation,cla820glgs4er071udnzn4r9b,out/images/raw/cla820glgs4er071udnzn4r9b.jpg,What type of polyp is present?,none,,,576,720,yes
validation,cla820glgs4er071udnzn4r9b,out/images/raw/cla820glgs4er071udnzn4r9b.jpg,How many instrumnets are in the image?,1,,,576,720,1
validation,cla820glgs4er071udnzn4r9b,out/images/raw/cla820glgs4er071udnzn4r9b.jpg,What type of procedure is the image taken from?,colonoscopy,,,576,720,lower left
validation,cla820glgs4er071udnzn4r9b,out/images/raw/cla820glgs4er071udnzn4r9b.jpg,What is the size of the polyp?,none,,,576,720,no
validation,cla820glgs4er071udnzn4r9b,out/images/raw/cla820glgs4er071udnzn4r9b.jpg,Where in the image is the instrument?,lower-right,,,576,720,1
validation,cla820glgs4er071udnzn4r9b,out/images/raw/cla820glgs4er071udnzn4r9b.jpg,Where in the image is the anatomical landmark?,none,,,576,720,yes
validation,cla820glgs4er071udnzn4r9b,out/images/raw/cla820glgs4er071udnzn4r9b.jpg,Is there a green/black box artefact?,no,,,576,720,no
validation,cla820glgs4er071udnzn4r9b,out/images/raw/cla820glgs4er071udnzn4r9b.jpg,Is this finding easy to detect?,yes,,,576,720,upper left
validation,cla820glgs4er071udnzn4r9b,out/images/raw/cla820glgs4er071udnzn4r9b.jpg,How many findings are present?,1,,,576,720,no
validation,cla820glgs4er071udnzn4r9b,out/images/raw/cla820glgs4er071udnzn4r9b.jpg,Where in the image is the abnormality?,center; center-left; center-right; lower-center; lower-left; lower-right; upper-center; upper-left; upper-right,,,576,720,yes
validation,cla820glgs4er071udnzn4r9b,out/images/raw/cla820glgs4er071udnzn4r9b.jpg,How many polyps are in the image?,0,,,576,720,yes
validation,cla820glgs4er071udnzn4r9b,out/images/raw/cla820glgs4er071udnzn4r9b.jpg,Is there text?,yes,,,576,720,eye surgery
validation,cla820glgs4f7071u3pow4akf,out/images/raw/cla820glgs4f7071u3pow4akf.jpg,What color is the abnormality? If more than one separate with ;,pink; red,,,576,720,no
validation,cla820glgs4f7071u3pow4akf,out/images/raw/cla820glgs4f7071u3pow4akf.jpg,Is there a green/black box artefact?,yes,,,576,720,1
validation,cla820glgs4f7071u3pow4akf,out/images/raw/cla820glgs4f7071u3pow4akf.jpg,What is the size of the polyp?,none,,,576,720,eye
validation,cla820glgs4f7071u3pow4akf,out/images/raw/cla820glgs4f7071u3pow4akf.jpg,What type of polyp is present?,none,,,576,720,eye
validation,cla820glgs4f7071u3pow4akf,out/images/raw/cla820glgs4f7071u3pow4akf.jpg,Where in the image is the abnormality?,center; center-left; center-right; lower-center; lower-left; lower-right; upper-center; upper-left; upper-right,,,576,720,photoshop
validation,cla820glgs4f7071u3pow4akf,out/images/raw/cla820glgs4f7071u3pow4akf.jpg,Have all polyps been removed?,not relevant,,,576,720,1
validation,cla820glgs4f7071u3pow4akf,out/images/raw/cla820glgs4f7071u3pow4akf.jpg,What type of procedure is the image taken from?,colonoscopy,,,576,720,plastic
validation,cla820glgs4f7071u3pow4akf,out/images/raw/cla820glgs4f7071u3pow4akf.jpg,How many instrumnets are in the image?,0,,,576,720,bottom
validation,cla820glgs4f7071u3pow4akf,out/images/raw/cla820glgs4f7071u3pow4akf.jpg,How many polyps are in the image?,0,,,576,720,no
validation,cla820glgs4f7071u3pow4akf,out/images/raw/cla820glgs4f7071u3pow4akf.jpg,Is there text?,no,,,576,720,yes
validation,cla820glgs4f7071u3pow4akf,out/images/raw/cla820glgs4f7071u3pow4akf.jpg,Are there any abnormalities in the image? Check all that are present.,ulcerative colitis,,,576,720,yes
validation,cla820glgs4f7071u3pow4akf,out/images/raw/cla820glgs4f7071u3pow4akf.jpg,How many findings are present?,1,,,576,720,1
validation,cla820glgs4f7071u3pow4akf,out/images/raw/cla820glgs4f7071u3pow4akf.jpg,Is this finding easy to detect?,yes,,,576,720,yes
validation,cla820glgs4f7071u3pow4akf,out/images/raw/cla820glgs4f7071u3pow4akf.jpg,Are there any anatomical landmarks in the image? Check all that are present.,none,,,576,720,yes
validation,cla820glgs4f7071u3pow4akf,out/images/raw/cla820glgs4f7071u3pow4akf.jpg,Are there any instruments in the image? Check all that are present.,none,,,576,720,yes
validation,cla820glgs4f7071u3pow4akf,out/images/raw/cla820glgs4f7071u3pow4akf.jpg,Where in the image is the instrument?,none,,,576,720,red
validation,cla820glgs4f7071u3pow4akf,out/images/raw/cla820glgs4f7071u3pow4akf.jpg,Where in the image is the anatomical landmark?,none,,,576,720,bottom
validation,cla820glgs4ff071u8us5dw3j,out/images/raw/cla820glgs4ff071u8us5dw3j.jpg,Is there text?,yes,,,576,720,yes
validation,cla820glgs4ff071u8us5dw3j,out/images/raw/cla820glgs4ff071u8us5dw3j.jpg,Where in the image is the abnormality?,center; center-left; center-right; lower-center; lower-left; lower-right; upper-center; upper-left; upper-right,,,576,720,large
validation,cla820glgs4ff071u8us5dw3j,out/images/raw/cla820glgs4ff071u8us5dw3j.jpg,What type of polyp is present?,none,,,576,720,yes
validation,cla820glgs4ff071u8us5dw3j,out/images/raw/cla820glgs4ff071u8us5dw3j.jpg,What type of procedure is the image taken from?,colonoscopy,,,576,720,plastic
validation,cla820glgs4ff071u8us5dw3j,out/images/raw/cla820glgs4ff071u8us5dw3j.jpg,How many instrumnets are in the image?,0,,,576,720,yes
validation,cla820glgs4ff071u8us5dw3j,out/images/raw/cla820glgs4ff071u8us5dw3j.jpg,Where in the image is the instrument?,none,,,576,720,pink
validation,cla820glgs4ff071u8us5dw3j,out/images/raw/cla820glgs4ff071u8us5dw3j.jpg,Are there any anatomical landmarks in the image? Check all that are present.,cecum,,,576,720,1
validation,cla820glgs4ff071u8us5dw3j,out/images/raw/cla820glgs4ff071u8us5dw3j.jpg,Is this finding easy to detect?,yes,,,576,720,large
validation,cla820glgs4ff071u8us5dw3j,out/images/raw/cla820glgs4ff071u8us5dw3j.jpg,Are there any instruments in the image? Check all that are present.,none,,,576,720,upper right
validation,cla820glgs4ff071u8us5dw3j,out/images/raw/cla820glgs4ff071u8us5dw3j.jpg,How many findings are present?,1,,,576,720,no
validation,cla820glgs4ff071u8us5dw3j,out/images/raw/cla820glgs4ff071u8us5dw3j.jpg,What color is the abnormality? If more than one separate with ;,pink; red,,,576,720,yes
validation,cla820glgs4ff071u8us5dw3j,out/images/raw/cla820glgs4ff071u8us5dw3j.jpg,Is there a green/black box artefact?,yes,,,576,720,upper left
validation,cla820glgs4ff071u8us5dw3j,out/images/raw/cla820glgs4ff071u8us5dw3j.jpg,Where in the image is the anatomical landmark?,upper-center,,,576,720,yes
validation,cla820glgs4ff071u8us5dw3j,out/images/raw/cla820glgs4ff071u8us5dw3j.jpg,What is the size of the polyp?,none,,,576,720,eye surgery
validation,cla820glgs4ff071u8us5dw3j,out/images/raw/cla820glgs4ff071u8us5dw3j.jpg,Have all polyps been removed?,not relevant,,,576,720,yes
validation,cla820glgs4ff071u8us5dw3j,out/images/raw/cla820glgs4ff071u8us5dw3j.jpg,How many polyps are in the image?,0,,,576,720,1
validation,cla820glgs4ff071u8us5dw3j,out/images/raw/cla820glgs4ff071u8us5dw3j.jpg,Are there any abnormalities in the image? Check all that are present.,ulcerative colitis,,,576,720,eye surgery
validation,cla820glgs4fr071u8va312m9,out/images/raw/cla820glgs4fr071u8va312m9.jpg,What type of polyp is present?,none,,,576,720,1
validation,cla820glgs4fr071u8va312m9,out/images/raw/cla820glgs4fr071u8va312m9.jpg,Are there any anatomical landmarks in the image? Check all that are present.,none,,,576,720,1
validation,cla820glgs4fr071u8va312m9,out/images/raw/cla820glgs4fr071u8va312m9.jpg,Where in the image is the abnormality?,center; center-left; center-right; lower-center; lower-left; lower-right; upper-center; upper-left; upper-right,,,576,720,no
validation,cla820glgs4fr071u8va312m9,out/images/raw/cla820glgs4fr071u8va312m9.jpg,Is there text?,yes,,,576,720,no
validation,cla820glgs4fr071u8va312m9,out/images/raw/cla820glgs4fr071u8va312m9.jpg,Where in the image is the anatomical landmark?,none,,,576,720,yes
validation,cla820glgs4fr071u8va312m9,out/images/raw/cla820glgs4fr071u8va312m9.jpg,How many findings are present?,1,,,576,720,1
validation,cla820glgs4fr071u8va312m9,out/images/raw/cla820glgs4fr071u8va312m9.jpg,Is this finding easy to detect?,yes,,,576,720,pink
validation,cla820glgs4fr071u8va312m9,out/images/raw/cla820glgs4fr071u8va312m9.jpg,How many instrumnets are in the image?,0,,,576,720,yes
validation,cla820glgs4fr071u8va312m9,out/images/raw/cla820glgs4fr071u8va312m9.jpg,What type of procedure is the image taken from?,colonoscopy,,,576,720,yes
validation,cla820glgs4fr071u8va312m9,out/images/raw/cla820glgs4fr071u8va312m9.jpg,How many polyps are in the image?,0,,,576,720,blood
validation,cla820glgs4fr071u8va312m9,out/images/raw/cla820glgs4fr071u8va312m9.jpg,Where in the image is the instrument?,none,,,576,720,yes
validation,cla820glgs4fr071u8va312m9,out/images/raw/cla820glgs4fr071u8va312m9.jpg,Are there any abnormalities in the image? Check all that are present.,ulcerative colitis,,,576,720,1
validation,cla820glgs4fr071u8va312m9,out/images/raw/cla820glgs4fr071u8va312m9.jpg,Have all polyps been removed?,not relevant,,,576,720,1
validation,cla820glgs4fr071u8va312m9,out/images/raw/cla820glgs4fr071u8va312m9.jpg,Are there any instruments in the image? Check all that are present.,none,,,576,720,yes
validation,cla820glgs4fr071u8va312m9,out/images/raw/cla820glgs4fr071u8va312m9.jpg,What is the size of the polyp?,none,,,576,720,upper left
validation,cla820glgs4fr071u8va312m9,out/images/raw/cla820glgs4fr071u8va312m9.jpg,What color is the abnormality? If more than one separate with ;,pink; red,,,576,720,1
validation,cla820glgs4fr071u8va312m9,out/images/raw/cla820glgs4fr071u8va312m9.jpg,Is there a green/black box artefact?,yes,,,576,720,no
validation,cla820glgs4fz071ucke45065,out/images/raw/cla820glgs4fz071ucke45065.jpg,What type of procedure is the image taken from?,colonoscopy,,,576,720,no
validation,cla820glgs4fz071ucke45065,out/images/raw/cla820glgs4fz071ucke45065.jpg,How many polyps are in the image?,0,,,576,720,yes
validation,cla820glgs4fz071ucke45065,out/images/raw/cla820glgs4fz071ucke45065.jpg,How many instrumnets are in the image?,0,,,576,720,no
validation,cla820glgs4fz071ucke45065,out/images/raw/cla820glgs4fz071ucke45065.jpg,Are there any anatomical landmarks in the image? Check all that are present.,cecum,,,576,720,1
validation,cla820glgs4fz071ucke45065,out/images/raw/cla820glgs4fz071ucke45065.jpg,Are there any abnormalities in the image? Check all that are present.,ulcerative colitis,,,576,720,no
validation,cla820glgs4fz071ucke45065,out/images/raw/cla820glgs4fz071ucke45065.jpg,How many findings are present?,1,,,576,720,bottom
validation,cla820glgs4fz071ucke45065,out/images/raw/cla820glgs4fz071ucke45065.jpg,Is there text?,no,,,576,720,middle
validation,cla820glgs4fz071ucke45065,out/images/raw/cla820glgs4fz071ucke45065.jpg,Where in the image is the anatomical landmark?,center-left; upper-center; upper-left,,,576,720,bottom
validation,cla820glgs4fz071ucke45065,out/images/raw/cla820glgs4fz071ucke45065.jpg,Where in the image is the instrument?,none,,,576,720,no
validation,cla820glgs4fz071ucke45065,out/images/raw/cla820glgs4fz071ucke45065.jpg,Is this finding easy to detect?,yes,,,576,720,large
validation,cla820glgs4fz071ucke45065,out/images/raw/cla820glgs4fz071ucke45065.jpg,Is there a green/black box artefact?,yes,,,576,720,yes
validation,cla820glgs4fz071ucke45065,out/images/raw/cla820glgs4fz071ucke45065.jpg,Have all polyps been removed?,not relevant,,,576,720,yes
validation,cla820glgs4fz071ucke45065,out/images/raw/cla820glgs4fz071ucke45065.jpg,Where in the image is the abnormality?,center; center-left; center-right; lower-center; lower-left; lower-right; upper-center; upper-left; upper-right,,,576,720,yes
validation,cla820glgs4fz071ucke45065,out/images/raw/cla820glgs4fz071ucke45065.jpg,What is the size of the polyp?,none,,,576,720,yes
validation,cla820glgs4fz071ucke45065,out/images/raw/cla820glgs4fz071ucke45065.jpg,What type of polyp is present?,none,,,576,720,2
validation,cla820glgs4fz071ucke45065,out/images/raw/cla820glgs4fz071ucke45065.jpg,What color is the abnormality? If more than one separate with ;,pink; red,,,576,720,1
validation,cla820glgs4fz071ucke45065,out/images/raw/cla820glgs4fz071ucke45065.jpg,Are there any instruments in the image? Check all that are present.,none,,,576,720,yes
validation,cla820glhs4gv071uhfx8hwoo,out/images/raw/cla820glhs4gv071uhfx8hwoo.jpg,Is there text?,yes,,,576,720,bottom
validation,cla820glhs4gv071uhfx8hwoo,out/images/raw/cla820glhs4gv071uhfx8hwoo.jpg,How many polyps are in the image?,0,,,576,720,no
validation,cla820glhs4gv071uhfx8hwoo,out/images/raw/cla820glhs4gv071uhfx8hwoo.jpg,What color is the abnormality? If more than one separate with ;,pink; red,,,576,720,no
validation,cla820glhs4gv071uhfx8hwoo,out/images/raw/cla820glhs4gv071uhfx8hwoo.jpg,Where in the image is the abnormality?,center; center-left; center-right; lower-center; lower-left; lower-right; upper-center; upper-left; upper-right,,,576,720,bottom
validation,cla820glhs4gv071uhfx8hwoo,out/images/raw/cla820glhs4gv071uhfx8hwoo.jpg,What is the size of the polyp?,none,,,576,720,yes
validation,cla820glhs4gv071uhfx8hwoo,out/images/raw/cla820glhs4gv071uhfx8hwoo.jpg,Where in the image is the instrument?,none,,,576,720,lower right
validation,cla820glhs4gv071uhfx8hwoo,out/images/raw/cla820glhs4gv071uhfx8hwoo.jpg,Are there any anatomical landmarks in the image? Check all that are present.,none,,,576,720,yes
validation,cla820glhs4gv071uhfx8hwoo,out/images/raw/cla820glhs4gv071uhfx8hwoo.jpg,Is there a green/black box artefact?,no,,,576,720,upper left
validation,cla820glhs4gv071uhfx8hwoo,out/images/raw/cla820glhs4gv071uhfx8hwoo.jpg,How many findings are present?,1,,,576,720,1
validation,cla820glhs4gv071uhfx8hwoo,out/images/raw/cla820glhs4gv071uhfx8hwoo.jpg,Are there any instruments in the image? Check all that are present.,none,,,576,720,yes
validation,cla820glhs4gv071uhfx8hwoo,out/images/raw/cla820glhs4gv071uhfx8hwoo.jpg,Where in the image is the anatomical landmark?,none,,,576,720,large
validation,cla820glhs4gv071uhfx8hwoo,out/images/raw/cla820glhs4gv071uhfx8hwoo.jpg,Are there any abnormalities in the image? Check all that are present.,ulcerative colitis,,,576,720,small
validation,cla820glhs4gv071uhfx8hwoo,out/images/raw/cla820glhs4gv071uhfx8hwoo.jpg,Have all polyps been removed?,not relevant,,,576,720,no
validation,cla820glhs4gv071uhfx8hwoo,out/images/raw/cla820glhs4gv071uhfx8hwoo.jpg,How many instrumnets are in the image?,0,,,576,720,large
validation,cla820glhs4gv071uhfx8hwoo,out/images/raw/cla820glhs4gv071uhfx8hwoo.jpg,What type of procedure is the image taken from?,colonoscopy,,,576,720,no
validation,cla820glhs4gv071uhfx8hwoo,out/images/raw/cla820glhs4gv071uhfx8hwoo.jpg,What type of polyp is present?,none,,,576,720,yes
validation,cla820glhs4gv071uhfx8hwoo,out/images/raw/cla820glhs4gv071uhfx8hwoo.jpg,Is this finding easy to detect?,yes,,,576,720,yes
validation,cla820glhs4h7071ufsvccrv7,out/images/raw/cla820glhs4h7071ufsvccrv7.jpg,Are there any abnormalities in the image? Check all that are present.,ulcerative colitis,,,576,720,yes
validation,cla820glhs4h7071ufsvccrv7,out/images/raw/cla820glhs4h7071ufsvccrv7.jpg,Where in the image is the anatomical landmark?,none,,,576,720,yes
validation,cla820glhs4h7071ufsvccrv7,out/images/raw/cla820glhs4h7071ufsvccrv7.jpg,How many findings are present?,1,,,576,720,upper right
validation,cla820glhs4h7071ufsvccrv7,out/images/raw/cla820glhs4h7071ufsvccrv7.jpg,Where in the image is the instrument?,none,,,576,720,yes
validation,cla820glhs4h7071ufsvccrv7,out/images/raw/cla820glhs4h7071ufsvccrv7.jpg,How many instrumnets are in the image?,0,,,576,720,bottom
validation,cla820glhs4h7071ufsvccrv7,out/images/raw/cla820glhs4h7071ufsvccrv7.jpg,Where in the image is the abnormality?,center; center-left; center-right; lower-center; lower-left; lower-right; upper-center; upper-left; upper-right,,,576,720,eye surgery
validation,cla820glhs4h7071ufsvccrv7,out/images/raw/cla820glhs4h7071ufsvccrv7.jpg,What type of procedure is the image taken from?,colonoscopy,,,576,720,plastic
validation,cla820glhs4h7071ufsvccrv7,out/images/raw/cla820glhs4h7071ufsvccrv7.jpg,Is there a green/black box artefact?,no,,,576,720,eye
validation,cla820glhs4h7071ufsvccrv7,out/images/raw/cla820glhs4h7071ufsvccrv7.jpg,What color is the abnormality? If more than one separate with ;,pink; red,,,576,720,1
validation,cla820glhs4h7071ufsvccrv7,out/images/raw/cla820glhs4h7071ufsvccrv7.jpg,Are there any instruments in the image? Check all that are present.,none,,,576,720,yes
validation,cla820glhs4h7071ufsvccrv7,out/images/raw/cla820glhs4h7071ufsvccrv7.jpg,How many polyps are in the image?,0,,,576,720,eye surgery
validation,cla820glhs4h7071ufsvccrv7,out/images/raw/cla820glhs4h7071ufsvccrv7.jpg,Is there text?,yes,,,576,720,0
validation,cla820glhs4h7071ufsvccrv7,out/images/raw/cla820glhs4h7071ufsvccrv7.jpg,Are there any anatomical landmarks in the image? Check all that are present.,none,,,576,720,plastic
validation,cla820glhs4h7071ufsvccrv7,out/images/raw/cla820glhs4h7071ufsvccrv7.jpg,What is the size of the polyp?,none,,,576,720,upper right
validation,cla820glhs4h7071ufsvccrv7,out/images/raw/cla820glhs4h7071ufsvccrv7.jpg,What type of polyp is present?,none,,,576,720,yes
validation,cla820glhs4h7071ufsvccrv7,out/images/raw/cla820glhs4h7071ufsvccrv7.jpg,Is this finding easy to detect?,yes,,,576,720,yes
validation,cla820glhs4h7071ufsvccrv7,out/images/raw/cla820glhs4h7071ufsvccrv7.jpg,Have all polyps been removed?,not relevant,,,576,720,yes
validation,cla820glis4j7071u8wd17ygy,out/images/raw/cla820glis4j7071u8wd17ygy.jpg,What type of polyp is present?,none,,,576,720,red
validation,cla820glis4j7071u8wd17ygy,out/images/raw/cla820glis4j7071u8wd17ygy.jpg,Where in the image is the abnormality?,center; center-left; center-right; lower-center; lower-left; lower-right; upper-center; upper-left; upper-right,,,576,720,pink
validation,cla820glis4j7071u8wd17ygy,out/images/raw/cla820glis4j7071u8wd17ygy.jpg,Are there any instruments in the image? Check all that are present.,none,,,576,720,yes
validation,cla820glis4j7071u8wd17ygy,out/images/raw/cla820glis4j7071u8wd17ygy.jpg,Is there text?,yes,,,576,720,yes
validation,cla820glis4j7071u8wd17ygy,out/images/raw/cla820glis4j7071u8wd17ygy.jpg,Are there any anatomical landmarks in the image? Check all that are present.,none,,,576,720,no
validation,cla820glis4j7071u8wd17ygy,out/images/raw/cla820glis4j7071u8wd17ygy.jpg,How many findings are present?,1,,,576,720,1
validation,cla820glis4j7071u8wd17ygy,out/images/raw/cla820glis4j7071u8wd17ygy.jpg,How many polyps are in the image?,0,,,576,720,large
validation,cla820glis4j7071u8wd17ygy,out/images/raw/cla820glis4j7071u8wd17ygy.jpg,Are there any abnormalities in the image? Check all that are present.,ulcerative colitis,,,576,720,plastic
validation,cla820glis4j7071u8wd17ygy,out/images/raw/cla820glis4j7071u8wd17ygy.jpg,How many instrumnets are in the image?,0,,,576,720,yes
validation,cla820glis4j7071u8wd17ygy,out/images/raw/cla820glis4j7071u8wd17ygy.jpg,What type of procedure is the image taken from?,colonoscopy,,,576,720,1
validation,cla820glis4j7071u8wd17ygy,out/images/raw/cla820glis4j7071u8wd17ygy.jpg,Where in the image is the anatomical landmark?,none,,,576,720,1
validation,cla820glis4j7071u8wd17ygy,out/images/raw/cla820glis4j7071u8wd17ygy.jpg,Have all polyps been removed?,not relevant,,,576,720,large
validation,cla820glis4j7071u8wd17ygy,out/images/raw/cla820glis4j7071u8wd17ygy.jpg,Is this finding easy to detect?,yes,,,576,720,plastic
validation,cla820glis4j7071u8wd17ygy,out/images/raw/cla820glis4j7071u8wd17ygy.jpg,Where in the image is the instrument?,none,,,576,720,yes
validation,cla820glis4j7071u8wd17ygy,out/images/raw/cla820glis4j7071u8wd17ygy.jpg,Is there a green/black box artefact?,no,,,576,720,yes
validation,cla820glis4j7071u8wd17ygy,out/images/raw/cla820glis4j7071u8wd17ygy.jpg,What color is the abnormality? If more than one separate with ;,pink; red,,,576,720,1
validation,cla820glis4j7071u8wd17ygy,out/images/raw/cla820glis4j7071u8wd17ygy.jpg,What is the size of the polyp?,none,,,576,720,top
validation,cla820glis4jn071ubfw9bdud,out/images/raw/cla820glis4jn071ubfw9bdud.jpg,What is the size of the polyp?,none,,,576,720,surgery
validation,cla820glis4jn071ubfw9bdud,out/images/raw/cla820glis4jn071ubfw9bdud.jpg,Where in the image is the anatomical landmark?,none,,,576,720,large
validation,cla820glis4jn071ubfw9bdud,out/images/raw/cla820glis4jn071ubfw9bdud.jpg,Is this finding easy to detect?,yes,,,576,720,no
validation,cla820glis4jn071ubfw9bdud,out/images/raw/cla820glis4jn071ubfw9bdud.jpg,Have all polyps been removed?,not relevant,,,576,720,pink
validation,cla820glis4jn071ubfw9bdud,out/images/raw/cla820glis4jn071ubfw9bdud.jpg,How many findings are present?,1,,,576,720,1
validation,cla820glis4jn071ubfw9bdud,out/images/raw/cla820glis4jn071ubfw9bdud.jpg,How many instrumnets are in the image?,0,,,576,720,yes
validation,cla820glis4jn071ubfw9bdud,out/images/raw/cla820glis4jn071ubfw9bdud.jpg,What type of procedure is the image taken from?,colonoscopy,,,576,720,orange
validation,cla820glis4jn071ubfw9bdud,out/images/raw/cla820glis4jn071ubfw9bdud.jpg,How many polyps are in the image?,0,,,576,720,yes
validation,cla820glis4jn071ubfw9bdud,out/images/raw/cla820glis4jn071ubfw9bdud.jpg,What color is the abnormality? If more than one separate with ;,pink; red,,,576,720,no
validation,cla820glis4jn071ubfw9bdud,out/images/raw/cla820glis4jn071ubfw9bdud.jpg,Is there text?,yes,,,576,720,yes
validation,cla820glis4jn071ubfw9bdud,out/images/raw/cla820glis4jn071ubfw9bdud.jpg,Are there any anatomical landmarks in the image? Check all that are present.,none,,,576,720,red
validation,cla820glis4jn071ubfw9bdud,out/images/raw/cla820glis4jn071ubfw9bdud.jpg,Where in the image is the abnormality?,center; center-left; center-right; lower-center; lower-left; lower-right; upper-center; upper-left; upper-right,,,576,720,lower right
validation,cla820glis4jn071ubfw9bdud,out/images/raw/cla820glis4jn071ubfw9bdud.jpg,Is there a green/black box artefact?,no,,,576,720,1
validation,cla820glis4jn071ubfw9bdud,out/images/raw/cla820glis4jn071ubfw9bdud.jpg,Are there any abnormalities in the image? Check all that are present.,ulcerative colitis,,,576,720,yes
validation,cla820glis4jn071ubfw9bdud,out/images/raw/cla820glis4jn071ubfw9bdud.jpg,Are there any instruments in the image? Check all that are present.,none,,,576,720,yes
validation,cla820glis4jn071ubfw9bdud,out/images/raw/cla820glis4jn071ubfw9bdud.jpg,Where in the image is the instrument?,none,,,576,720,1
validation,cla820glis4jn071ubfw9bdud,out/images/raw/cla820glis4jn071ubfw9bdud.jpg,What type of polyp is present?,none,,,576,720,yes
validation,cla820gljs4kj071ufgaectxo,out/images/raw/cla820gljs4kj071ufgaectxo.jpg,Where in the image is the abnormality?,center; center-left; center-right; lower-center; lower-left; lower-right; upper-center; upper-left; upper-right,,,576,720,upper right
validation,cla820gljs4kj071ufgaectxo,out/images/raw/cla820gljs4kj071ufgaectxo.jpg,Have all polyps been removed?,not relevant,,,576,720,surgery
validation,cla820gljs4kj071ufgaectxo,out/images/raw/cla820gljs4kj071ufgaectxo.jpg,How many findings are present?,1,,,576,720,no
validation,cla820gljs4kj071ufgaectxo,out/images/raw/cla820gljs4kj071ufgaectxo.jpg,What type of polyp is present?,none,,,576,720,yes
validation,cla820gljs4kj071ufgaectxo,out/images/raw/cla820gljs4kj071ufgaectxo.jpg,Is there text?,yes,,,576,720,1
validation,cla820gljs4kj071ufgaectxo,out/images/raw/cla820gljs4kj071ufgaectxo.jpg,Is there a green/black box artefact?,no,,,576,720,red
validation,cla820gljs4kj071ufgaectxo,out/images/raw/cla820gljs4kj071ufgaectxo.jpg,Are there any anatomical landmarks in the image? Check all that are present.,none,,,576,720,yes
validation,cla820gljs4kj071ufgaectxo,out/images/raw/cla820gljs4kj071ufgaectxo.jpg,Are there any abnormalities in the image? Check all that are present.,ulcerative colitis,,,576,720,1
validation,cla820gljs4kj071ufgaectxo,out/images/raw/cla820gljs4kj071ufgaectxo.jpg,Where in the image is the anatomical landmark?,none,,,576,720,upper left
validation,cla820gljs4kj071ufgaectxo,out/images/raw/cla820gljs4kj071ufgaectxo.jpg,What color is the abnormality? If more than one separate with ;,pink; red,,,576,720,yes
validation,cla820gljs4kj071ufgaectxo,out/images/raw/cla820gljs4kj071ufgaectxo.jpg,What type of procedure is the image taken from?,colonoscopy,,,576,720,eye
validation,cla820gljs4kj071ufgaectxo,out/images/raw/cla820gljs4kj071ufgaectxo.jpg,How many polyps are in the image?,0,,,576,720,1
validation,cla820gljs4kj071ufgaectxo,out/images/raw/cla820gljs4kj071ufgaectxo.jpg,What is the size of the polyp?,none,,,576,720,no
validation,cla820gljs4kj071ufgaectxo,out/images/raw/cla820gljs4kj071ufgaectxo.jpg,Are there any instruments in the image? Check all that are present.,none,,,576,720,eye surgery
validation,cla820gljs4kj071ufgaectxo,out/images/raw/cla820gljs4kj071ufgaectxo.jpg,Where in the image is the instrument?,none,,,576,720,1
validation,cla820gljs4kj071ufgaectxo,out/images/raw/cla820gljs4kj071ufgaectxo.jpg,How many instrumnets are in the image?,0,,,576,720,no
validation,cla820gljs4kj071ufgaectxo,out/images/raw/cla820gljs4kj071ufgaectxo.jpg,Is this finding easy to detect?,yes,,,576,720,1
validation,cla820gljs4kv071ugpko5fhz,out/images/raw/cla820gljs4kv071ugpko5fhz.jpg,Are there any abnormalities in the image? Check all that are present.,ulcerative colitis,,,576,720,yes
validation,cla820gljs4kv071ugpko5fhz,out/images/raw/cla820gljs4kv071ugpko5fhz.jpg,Are there any anatomical landmarks in the image? Check all that are present.,none,,,576,720,white
validation,cla820gljs4kv071ugpko5fhz,out/images/raw/cla820gljs4kv071ugpko5fhz.jpg,How many instrumnets are in the image?,0,,,576,720,yes
validation,cla820gljs4kv071ugpko5fhz,out/images/raw/cla820gljs4kv071ugpko5fhz.jpg,What color is the abnormality? If more than one separate with ;,pink; red,,,576,720,1
validation,cla820gljs4kv071ugpko5fhz,out/images/raw/cla820gljs4kv071ugpko5fhz.jpg,Have all polyps been removed?,not relevant,,,576,720,no
validation,cla820gljs4kv071ugpko5fhz,out/images/raw/cla820gljs4kv071ugpko5fhz.jpg,Where in the image is the abnormality?,center; center-left; center-right; lower-center; lower-left; lower-right; upper-center; upper-left; upper-right,,,576,720,no
validation,cla820gljs4kv071ugpko5fhz,out/images/raw/cla820gljs4kv071ugpko5fhz.jpg,What is the size of the polyp?,none,,,576,720,pink
validation,cla820gljs4kv071ugpko5fhz,out/images/raw/cla820gljs4kv071ugpko5fhz.jpg,How many polyps are in the image?,0,,,576,720,plastic
validation,cla820gljs4kv071ugpko5fhz,out/images/raw/cla820gljs4kv071ugpko5fhz.jpg,What type of polyp is present?,none,,,576,720,1
validation,cla820gljs4kv071ugpko5fhz,out/images/raw/cla820gljs4kv071ugpko5fhz.jpg,Are there any instruments in the image? Check all that are present.,none,,,576,720,yes
validation,cla820gljs4kv071ugpko5fhz,out/images/raw/cla820gljs4kv071ugpko5fhz.jpg,Is there text?,yes,,,576,720,bottom
validation,cla820gljs4kv071ugpko5fhz,out/images/raw/cla820gljs4kv071ugpko5fhz.jpg,Is there a green/black box artefact?,no,,,576,720,1
validation,cla820gljs4kv071ugpko5fhz,out/images/raw/cla820gljs4kv071ugpko5fhz.jpg,Where in the image is the anatomical landmark?,none,,,576,720,large
validation,cla820gljs4kv071ugpko5fhz,out/images/raw/cla820gljs4kv071ugpko5fhz.jpg,Is this finding easy to detect?,yes,,,576,720,no
validation,cla820gljs4kv071ugpko5fhz,out/images/raw/cla820gljs4kv071ugpko5fhz.jpg,Where in the image is the instrument?,none,,,576,720,yes
validation,cla820gljs4kv071ugpko5fhz,out/images/raw/cla820gljs4kv071ugpko5fhz.jpg,What type of procedure is the image taken from?,colonoscopy,,,576,720,yes
validation,cla820gljs4kv071ugpko5fhz,out/images/raw/cla820gljs4kv071ugpko5fhz.jpg,How many findings are present?,1,,,576,720,yes
validation,cla820glks4lj071ubi733tn9,out/images/raw/cla820glks4lj071ubi733tn9.jpg,How many instrumnets are in the image?,0,,,576,720,yes
validation,cla820glks4lj071ubi733tn9,out/images/raw/cla820glks4lj071ubi733tn9.jpg,What is the size of the polyp?,none,,,576,720,bottom
validation,cla820glks4lj071ubi733tn9,out/images/raw/cla820glks4lj071ubi733tn9.jpg,What type of polyp is present?,none,,,576,720,large
validation,cla820glks4lj071ubi733tn9,out/images/raw/cla820glks4lj071ubi733tn9.jpg,Is this finding easy to detect?,yes,,,576,720,yes
validation,cla820glks4lj071ubi733tn9,out/images/raw/cla820glks4lj071ubi733tn9.jpg,Is there a green/black box artefact?,yes,,,576,720,no
validation,cla820glks4lj071ubi733tn9,out/images/raw/cla820glks4lj071ubi733tn9.jpg,How many polyps are in the image?,0,,,576,720,orange
validation,cla820glks4lj071ubi733tn9,out/images/raw/cla820glks4lj071ubi733tn9.jpg,Where in the image is the anatomical landmark?,none,,,576,720,2
validation,cla820glks4lj071ubi733tn9,out/images/raw/cla820glks4lj071ubi733tn9.jpg,Are there any anatomical landmarks in the image? Check all that are present.,none,,,576,720,yes
validation,cla820glks4lj071ubi733tn9,out/images/raw/cla820glks4lj071ubi733tn9.jpg,Have all polyps been removed?,not relevant,,,576,720,1
validation,cla820glks4lj071ubi733tn9,out/images/raw/cla820glks4lj071ubi733tn9.jpg,Is there text?,no,,,576,720,plastic
validation,cla820glks4lj071ubi733tn9,out/images/raw/cla820glks4lj071ubi733tn9.jpg,Are there any instruments in the image? Check all that are present.,none,,,576,720,upper right
validation,cla820glks4lj071ubi733tn9,out/images/raw/cla820glks4lj071ubi733tn9.jpg,Where in the image is the instrument?,none,,,576,720,1
validation,cla820glks4lj071ubi733tn9,out/images/raw/cla820glks4lj071ubi733tn9.jpg,What color is the abnormality? If more than one separate with ;,pink; red,,,576,720,no
validation,cla820glks4lj071ubi733tn9,out/images/raw/cla820glks4lj071ubi733tn9.jpg,Where in the image is the abnormality?,center; center-left; center-right; lower-center; lower-left; lower-right; upper-center; upper-left; upper-right,,,576,720,upper right
validation,cla820glks4lj071ubi733tn9,out/images/raw/cla820glks4lj071ubi733tn9.jpg,How many findings are present?,1,,,576,720,eye surgery
validation,cla820glks4lj071ubi733tn9,out/images/raw/cla820glks4lj071ubi733tn9.jpg,Are there any abnormalities in the image? Check all that are present.,ulcerative colitis,,,576,720,pink
validation,cla820glks4lj071ubi733tn9,out/images/raw/cla820glks4lj071ubi733tn9.jpg,What type of procedure is the image taken from?,colonoscopy,,,576,720,lower left
validation,cla820glls4n3071ub1dx9cxn,out/images/raw/cla820glls4n3071ub1dx9cxn.jpg,Are there any anatomical landmarks in the image? Check all that are present.,none,,,576,720,yes
validation,cla820glls4n3071ub1dx9cxn,out/images/raw/cla820glls4n3071ub1dx9cxn.jpg,Are there any abnormalities in the image? Check all that are present.,ulcerative colitis,,,576,720,1
validation,cla820glls4n3071ub1dx9cxn,out/images/raw/cla820glls4n3071ub1dx9cxn.jpg,What type of polyp is present?,none,,,576,720,eye surgery
validation,cla820glls4n3071ub1dx9cxn,out/images/raw/cla820glls4n3071ub1dx9cxn.jpg,How many instrumnets are in the image?,0,,,576,720,yes
validation,cla820glls4n3071ub1dx9cxn,out/images/raw/cla820glls4n3071ub1dx9cxn.jpg,What type of procedure is the image taken from?,colonoscopy,,,576,720,bottom
validation,cla820glls4n3071ub1dx9cxn,out/images/raw/cla820glls4n3071ub1dx9cxn.jpg,Is there text?,yes,,,576,720,yes
validation,cla820glls4n3071ub1dx9cxn,out/images/raw/cla820glls4n3071ub1dx9cxn.jpg,Where in the image is the abnormality?,center; center-left; center-right; lower-center; lower-left; lower-right; upper-center; upper-left; upper-right,,,576,720,yes
