lane,metric,internal_value,external_value,delta_external_minus_internal
resnet50_supervised,accuracy,0.7633451957295374,0.4336075205640423,-0.3297376751654951
resnet50_supervised,macro_f1,0.6694020252436621,0.3874229862099845,-0.2819790390336776
resnet50_supervised,qwk,0.8287620300398653,0.3595966437144899,-0.4691653863253753
vlm_lora_mode1,accuracy,0.7811387900355872,0.0411280846063454,-0.7400107054292417
vlm_lora_mode1,macro_f1,0.7201470808012675,0.0197516930022573,-0.7003953877990102
vlm_lora_mode1,qwk,0.8627519281519653,0.0,-0.8627519281519653
vlm_lora_mode2,accuracy,0.5486358244365361,0.0411280846063454,-0.5075077398301907
vlm_lora_mode2,macro_f1,0.1771351972424358,0.0197516930022573,-0.1573835042401784
vlm_lora_mode2,qwk,0.0,0.0,0.0
