metric,n,mean,std,ci95_low,ci95_high,min,max
accuracy,3,0.7376433372874655,0.00634203832832958,0.7336892052194544,0.744958481613286,0.7336892052194544,0.7449584816132859
balanced_accuracy,3,0.6709070438059332,0.019175954439937682,0.6539234997709573,0.6917027441673117,0.6539234997709573,0.6917027441673117
macro_f1,3,0.6673301273216797,0.011178091269706703,0.6571154395081886,0.6792708334380978,0.6571154395081886,0.6792708334380978
weighted_f1,3,0.743644714800889,0.007353421487685807,0.7388825082527322,0.7521138267124514,0.7388825082527322,0.7521138267124514
qwk,3,0.8186494575446218,0.011378691390395514,0.8079202812608561,0.830582013405805,0.8079202812608561,0.830582013405805
mae,3,0.2742190589165678,0.008642741397546226,0.26453143534994067,0.28113879003558717,0.26453143534994067,0.28113879003558717
rmse,3,0.5472018309573267,0.011978752989445812,0.5346809782638621,0.5585526118156404,0.5346809782638621,0.5585526118156404
auroc_ovr,0,,,,,,
ece,3,0.10193503407349742,0.02958693074717646,0.08415466525800713,0.1360894290295077,0.08415466525800713,0.1360894290295077
